,Unnamed: 0,Unnamed: 0.1,Title,CurrentPrice,BidOrBuy,shopName,ItemUrl,CategoryId,predictCategory,CategoryName
0,0,0,レンズフード　CONTAX・CANON・NIKON・PENTAX・MINOLTA・・・等々　フード メーカー・サイズ色々　約110サイズ段ボール箱一杯！,1000.0,32000.0,,https://auctions.yahooapis.jp/AuctionWebService/V2/auctionItem?auctionID=t671560233,2084261994,Lens Hoods,フード
1,1,1,即決 美品 ニコン Nikon 1 V3 プレミアムキット ブラック 【交換レンズ1本/電子ビューファインダー/グリップ/予備バッテリーセット】,84800.0,84800.0,,https://auctions.yahooapis.jp/AuctionWebService/V2/auctionItem?auctionID=o336017707,2084305445,Battery Grips,ニコン
2,2,2,即決 良品 動作保証 ニコン Nikon AF-S NIKKOR 70-200mm F2.8G ED VR II 箱、ケース付き,134800.0,134800.0,,https://auctions.yahooapis.jp/AuctionWebService/V2/auctionItem?auctionID=f359680244,2084261684,"Cases, Bags & Covers",ニコン
3,3,3,即決 保証 Nikon ニコン AF-S Nikkor ED 600mm F4D II（IF）ライトグレー 付属品完備 実用良品,421000.0,421000.0,,https://auctions.yahooapis.jp/AuctionWebService/V2/auctionItem?auctionID=n357515642,2084261684,Lenses,ニコン
4,4,4,即決 美品 保証 ニコン AF-S NIKKOR 14-24mm F2.8G ED 箱、ケース付き,137000.0,137000.0,,https://auctions.yahooapis.jp/AuctionWebService/V2/auctionItem?auctionID=x608486169,2084261684,"Cases, Bags & Covers",ニコン
5,5,5,即決 動作保証 Nikon ニコン AF-S NIKKOR 200-400mm F4G ED VR ケース付き 良品 通常送料無料,263000.0,263000.0,,https://auctions.yahooapis.jp/AuctionWebService/V2/auctionItem?auctionID=b394760266,2084261684,"Cases, Bags & Covers",ニコン
6,6,6,即決 ニコン Nikon AF-S NIKKOR 70-200mm F2.8G ED VR II,125800.0,125800.0,,https://auctions.yahooapis.jp/AuctionWebService/V2/auctionItem?auctionID=w324163933,2084261684,Lenses,ニコン
7,7,7,即決 動作保証 ニコン Nikon PC-E Micro NIKKOR 85mm F2.8D 平行型 良品 通常送料無料,178000.0,178000.0,,https://auctions.yahooapis.jp/AuctionWebService/V2/auctionItem?auctionID=388501897,2084261693,Lenses,ニコン
8,8,8,即決 保証動作 美品 ニコン Nikon AF VR 80-400mm F4.5-5.6D ED,56800.0,56800.0,,https://auctions.yahooapis.jp/AuctionWebService/V2/auctionItem?auctionID=g363873873,2084261693,Lenses,ニコン
9,9,9,即決 保証ニコン Nikon AF-S NIKKOR 70-200mm F2.8G ED VR II ケース付き,131000.0,131000.0,,https://auctions.yahooapis.jp/AuctionWebService/V2/auctionItem?auctionID=m337957118,2084261684,"Cases, Bags & Covers",ニコン
10,10,10,ニコン一眼レフカメラ、シャッター作動、ジャンク扱い,11055.0,,,https://auctions.yahooapis.jp/AuctionWebService/V2/auctionItem?auctionID=s685541434,2084044778,Digital Cameras,ニコン
11,11,11,未使用品　ニコン　Nikon　アーバンボストンバッグ Ｌ　80周年記念バッグ,9000.0,11000.0,,https://auctions.yahooapis.jp/AuctionWebService/V2/auctionItem?auctionID=n368955397,2084261931,Battery Grips,ソフトバッグ
12,12,12,フルサイズ機 ニコン NIKON D700 オールドレンズ2本付き 美品,34500.0,,,https://auctions.yahooapis.jp/AuctionWebService/V2/auctionItem?auctionID=n365591176,2084261636,Flashes,ニコン
13,13,13,70年代製 Nikon製 カメラ F-2 シルバー ボデー,8805.0,,,https://auctions.yahooapis.jp/AuctionWebService/V2/auctionItem?auctionID=l544063661,2084044778,Battery Grips,ニコン
14,14,14,ニコン・NIKON COOLPIX S9300(可動品・付属品完備:中古),6800.0,,,https://auctions.yahooapis.jp/AuctionWebService/V2/auctionItem?auctionID=m357086863,2084261644,Battery Grips,ニコン
15,15,15,使用1回、Nikon 双眼鏡 遊 4X10D CF ダハプリズム式 4倍10口径 ワインレッド,5000.0,7000.0,,https://auctions.yahooapis.jp/AuctionWebService/V2/auctionItem?auctionID=k410222879,2084263451,"Lens Adapters, Mounts & Tubes",ニコン
16,16,16,Nikon ニコン高級一眼レフカメラF2.F3専用 フラッシュカプラー AS-7　超希少品,560.0,,,https://auctions.yahooapis.jp/AuctionWebService/V2/auctionItem?auctionID=f371637894,2084044778,Digital Cameras,ニコン
17,17,17,★ニコン/PRONEA 600i/F80/F70/F60/F50/F4/Z2020/U/F-601/F-401/等 本体：16台+レンズ：7台【ジャンク品】24891,3456.0,,,https://auctions.yahooapis.jp/AuctionWebService/V2/auctionItem?auctionID=r348192408,2084044785,Battery Grips,ニコン
18,18,18,■動作良好■ニコン Nikon D700 ボディ 《フルサイズ》 #0108I12,10600.0,49900.0,,https://auctions.yahooapis.jp/AuctionWebService/V2/auctionItem?auctionID=t673094662,2084261636,"Lens Adapters, Mounts & Tubes",ニコン
19,19,19,Nikon ニコン 昔の高級一眼レフカメラ FE2黒ボディ 希少品,3100.0,,,https://auctions.yahooapis.jp/AuctionWebService/V2/auctionItem?auctionID=u300529294,2084044778,Digital Cameras,ニコン
20,20,0,ニコン　Nikon　ED　AF　NIKKOR　300mm　1:2.8　CT-303ケース付,20500.0,,,https://auctions.yahooapis.jp/AuctionWebService/V2/auctionItem?auctionID=m358741054,2084261684,"Cases, Bags & Covers",ニコン
21,21,1,動作確認済 状態良し ニコン Nikon DX AF-S NIKKOR 35mm F1.8G レンズ EC53-168jy/F3,12312.0,,,https://auctions.yahooapis.jp/AuctionWebService/V2/auctionItem?auctionID=p706950149,2084261684,Lenses,ニコン
22,22,2,Nikon NIKKOR AF-S DX 10-24mm f/3.5-4.5G EDの出品です,30500.0,,,https://auctions.yahooapis.jp/AuctionWebService/V2/auctionItem?auctionID=e380016041,2084261684,Lens Hoods,ニコン
23,23,3,ニコン　AF-S Micro NIKKOR 60mm f/2.8G ED 中古品,26543.0,,,https://auctions.yahooapis.jp/AuctionWebService/V2/auctionItem?auctionID=417594345,2084261684,Lens Hoods,ニコン
24,24,4,ニコン Nikon F5 ボディMF28データパックとCF53ボディケース,32500.0,,,https://auctions.yahooapis.jp/AuctionWebService/V2/auctionItem?auctionID=u301038315,2084044785,"Cases, Bags & Covers",ニコン
25,25,5,★希少・美品★Nikon ベローズ BELLOWS NIKKOR-P 105mm F4★純正ケース付き,16800.0,,,https://auctions.yahooapis.jp/AuctionWebService/V2/auctionItem?auctionID=k407146376,2084261693,"Cases, Bags & Covers",ニコン
26,26,6,★新品級★ Nikon ニコン D750 AF 28-80mm F3.5-5.6D AF 75-300mm F4.5-5.6ダブルレンズセット！！ ★本体購入後1年、使用頻度少★,95000.0,138000.0,,https://auctions.yahooapis.jp/AuctionWebService/V2/auctionItem?auctionID=l545394217,2084261636,Lenses,ニコン
27,27,7,★オリンパス/カシオ/キヤノン/ソニー/ニコン/パナソニック/リコー/ミノルタ/富士フイルム/コダック/等57台【ジャンク品】24898,33.0,,,https://auctions.yahooapis.jp/AuctionWebService/V2/auctionItem?auctionID=f372576502,2084261657,Battery Grips,その他
28,28,8,1円～美品 Nikon D3400 ダブルズームキット ボディ・レンズ2本セット！デジタル一眼レフカメラ 転売OK,28500.0,,,https://auctions.yahooapis.jp/AuctionWebService/V2/auctionItem?auctionID=x640780718,2084261636,Battery Grips,ニコン
29,29,9,一眼レフ 距離計連動 CANON NIKON MINOLTA KONICA PENTAX デジカメ レンジファインダー レンズ ストロボ 部品 等 まとめてジャンク 大量a3,11.0,,,https://auctions.yahooapis.jp/AuctionWebService/V2/auctionItem?auctionID=m357320549,2084044784,Digital Cameras,キヤノン
30,30,10,動作確認済 状態良し ニコン Nikon AF-S NIKKOR 20mm F1.8G ED レンズ フード EC53-146jy/F3,55404.0,,,https://auctions.yahooapis.jp/AuctionWebService/V2/auctionItem?auctionID=c758795295,2084261684,Lenses,ニコン
31,31,11,SIGMA シグマ 10-20mm F4-5.6 EX DC HSM キヤノン ジャンク 箱付属品付,5000.0,,,https://auctions.yahooapis.jp/AuctionWebService/V2/auctionItem?auctionID=p711658095,2084261684,Lenses,ニコン
32,32,12,Nikon 双眼鏡 ニコン ミクロン 7x15,2800.0,,,https://auctions.yahooapis.jp/AuctionWebService/V2/auctionItem?auctionID=k410157518,2084263451,Battery Grips,ニコン
33,33,13,★訳あり品★ニコン Nikon D800 ボディ★動作未確認 大人気★35740,41800.0,41980.0,,https://auctions.yahooapis.jp/AuctionWebService/V2/auctionItem?auctionID=c759370671,2084261636,Digital Cameras,ニコン
34,34,14,☆新品☆送料無料☆Nikon AF-S DX NIKKOR 18-300mm f/3.5-5.6G ED VR [AFSDXVR18-300G],85000.0,,,https://auctions.yahooapis.jp/AuctionWebService/V2/auctionItem?auctionID=d377995033,23716,Lens Hoods,その他
35,35,15,Nikon Speed Light SB-700,18000.0,,,https://auctions.yahooapis.jp/AuctionWebService/V2/auctionItem?auctionID=u301563370,2084261636,Battery Grips,ニコン
36,36,16,☆ニコンAF Nikkor 28mm f2.8D　フード・フィルター・元箱　中古美品,2400.0,,,https://auctions.yahooapis.jp/AuctionWebService/V2/auctionItem?auctionID=n367808773,2084261684,Lenses,ニコン
37,37,17,◆美品◆ニコン Nikon デジタル一眼レフカメラ D750 ダブルズームレンズセット 約2432万画素 wi-fi機能付き 元箱付,76800.0,128000.0,,https://auctions.yahooapis.jp/AuctionWebService/V2/auctionItem?auctionID=h421014286,2084261636,"Lens Adapters, Mounts & Tubes",ニコン
38,38,18,★TAMRON タムロン/[キヤノン・ニコン・PENTAX]用 AFレンズ：6台【ジャンク品】24893,1728.0,,,https://auctions.yahooapis.jp/AuctionWebService/V2/auctionItem?auctionID=r348192412,2084261690,Lens Hoods,その他
39,39,19,★キヤノン/京セラ/オリンパス/富士フイルム/ペンタックス/コニカ/ミノルタ/リコー/ニコン/等 37台【ジャンク品】24883,44.0,,,https://auctions.yahooapis.jp/AuctionWebService/V2/auctionItem?auctionID=s686085823,2084005100,Battery Grips,コンパクトカメラ
40,40,0,綺麗な外観 Nikon ニコン フラッシュ スピードライト SB-800 SB 800 ◇ 1908,1000.0,,,https://auctions.yahooapis.jp/AuctionWebService/V2/auctionItem?auctionID=d388165392,2084261969,Flashes,ニコン用
41,41,1,Nikon F Eyelevel 【実動品】 #1926,19500.0,24500.0,,https://auctions.yahooapis.jp/AuctionWebService/V2/auctionItem?auctionID=b412940970,2084044778,"Lens Adapters, Mounts & Tubes",ニコン
42,42,2,お得！即決！Nikon リモコン ML-L6(アクションカメラ KeyMission用)(お得アウトレット品！),1980.0,1980.0,,https://auctions.yahooapis.jp/AuctionWebService/V2/auctionItem?auctionID=n365822508,2084044928,Battery Grips,その他
43,43,3,★希少銘玉★ニコン Nikon Ai 135mm F2.8♯1510,1.0,16800.0,,https://auctions.yahooapis.jp/AuctionWebService/V2/auctionItem?auctionID=k410004461,2084261693,Lenses,ニコン
44,44,4,L6091【ニコン Nikon AF】望遠ズームレンズ NIKKOR 28-105mm f3.5-4.5 D No.344020 フードHB-18 フィルター Nikon L37c 62mm 美品,6500.0,,,https://auctions.yahooapis.jp/AuctionWebService/V2/auctionItem?auctionID=b414001835,2084261684,Lenses,ニコン
45,45,5,★極上品★ Nikon ニコン NIKKOR 85mm F1.4 Ai-s 最強のポートレートレンズ 付属品満載 ★綺麗な外観! カビ・クモリなし! 完動品! B910,51900.0,69900.0,,https://auctions.yahooapis.jp/AuctionWebService/V2/auctionItem?auctionID=p710863467,2084261693,Lenses,ニコン
46,46,6,【中望遠】Nikon ニコン AF-S NIKKOR 85mm F1.8 G 単焦点 フルサイズ対応 0003053933,4100.0,37800.0,,https://auctions.yahooapis.jp/AuctionWebService/V2/auctionItem?auctionID=o330728715,2084261684,Lenses,ニコン
47,47,7,★希少★特選品★人気のブラック★ Nikon ニコン FE2 ブラック ボディ #OK-566,14080.0,14580.0,,https://auctions.yahooapis.jp/AuctionWebService/V2/auctionItem?auctionID=v653207613,2084044778,"Lens Adapters, Mounts & Tubes",ニコン
48,48,8,★奇跡の超美品★ Nikon ニコン AF-S NIKKOR 58mm 1.4 G 外観・光学ともに非常に綺麗なコンディション！ 確実にご満足いただけます！ A252,109800.0,132800.0,,https://auctions.yahooapis.jp/AuctionWebService/V2/auctionItem?auctionID=n367562658,2084261684,Lens Hoods,ニコン
49,49,9,★超美品★ NIKON ニコン AF-S DX Micro NIKKOR 40mm F2.8 G 外観・光学共に最高コンディションです！ 元箱・取説付,20000.0,29800.0,,https://auctions.yahooapis.jp/AuctionWebService/V2/auctionItem?auctionID=u302211232,2084261684,Lenses,ニコン
50,50,10,【美品】Zoom NIKKOR 35-200mm3.5-4.5 フィルムカメラ用ズームレンズ,3000.0,5000.0,,https://auctions.yahooapis.jp/AuctionWebService/V2/auctionItem?auctionID=r347926001,2084261693,Battery Grips,ニコン
51,51,11,"★新品級 超極上品★ニコン Nikon D750＆トリプルレンズ セット★S数1,313回！★元箱、保証書、付属品完備！★豪華オマケ付き★",50000.0,172000.0,,https://auctions.yahooapis.jp/AuctionWebService/V2/auctionItem?auctionID=w336888052,2084261636,Lens Caps,ニコン
52,52,12,Nikon ニコン 最高峰 人気の高級一眼レフカメラ F3ボディ + アイレベルファインダー付 作動品 （腐食無し）,13055.0,,,https://auctions.yahooapis.jp/AuctionWebService/V2/auctionItem?auctionID=k409098551,2084044778,Digital Cameras,ニコン
53,53,13,Nikon FE2 Black Body 【状態良好品】 Y1919,17500.0,23500.0,,https://auctions.yahooapis.jp/AuctionWebService/V2/auctionItem?auctionID=d385303595,2084044778,Battery Grips,ニコン
54,54,14,★光学極上★ニコン NIKON AI NIKKOR 28mm F2 ポーチ付き/#1781/0914,3300.0,19800.0,,https://auctions.yahooapis.jp/AuctionWebService/V2/auctionItem?auctionID=v663270121,2084261693,"Lens Adapters, Mounts & Tubes",ニコン
55,55,15,【3ヶ月保証】 【スマホ転送&動画OK！】 ニコン Nikon D3100 レンズキット（19Jl20K-IGH）,18800.0,22000.0,,https://auctions.yahooapis.jp/AuctionWebService/V2/auctionItem?auctionID=s683459324,2084261636,Battery Grips,ニコン
56,56,16,Nikon FE Body ニコン ボディ ♯732,4800.0,,,https://auctions.yahooapis.jp/AuctionWebService/V2/auctionItem?auctionID=x641567196,2084044778,Battery Grips,ニコン
57,57,17,■ほぼ新品■ニコン Nikon COOLPIX S3700 人気のピンクボディ #0059I08,1200.0,6990.0,,https://auctions.yahooapis.jp/AuctionWebService/V2/auctionItem?auctionID=e380480513,2084261644,"Lens Adapters, Mounts & Tubes",ニコン
58,58,18,★　　珍品 　　大判レンズ 　　　★　　　　NIKON 　　　 NIKKOR - Q 　　450mm/F9　　 Nippon Kogaku Japan,13500.0,,,https://auctions.yahooapis.jp/AuctionWebService/V2/auctionItem?auctionID=m358200266,23692,Lenses,大判、中判カメラ用
59,59,19,ニコン D40X ボディ [2012442],3600.0,8800.0,,https://auctions.yahooapis.jp/AuctionWebService/V2/auctionItem?auctionID=p706418101,2084261636,Digital Cameras,ニコン
60,60,0,良品　Nikon FA,6805.0,8000.0,,https://auctions.yahooapis.jp/AuctionWebService/V2/auctionItem?auctionID=f372084430,2084044778,Battery Grips,ニコン
61,61,1,SIGMA（ニコン用）Art　35mm F1.4DG 中古良品 即決,57000.0,57000.0,,https://auctions.yahooapis.jp/AuctionWebService/V2/auctionItem?auctionID=v629639495,2084261684,Film Cameras,ニコン
62,62,2,★美品★ニコン Nikon MF-18 F3用 コマ間データバック 箱・説明書付き,16800.0,19800.0,,https://auctions.yahooapis.jp/AuctionWebService/V2/auctionItem?auctionID=d385574078,2084044778,"Lens Adapters, Mounts & Tubes",ニコン
63,63,3,"★新品級 美品！★ニコン Nikon D7200＆ダブルレンズ セット★S数少な目11,051回！★元箱、付属品★未開封付属品あり★",11100.0,82000.0,,https://auctions.yahooapis.jp/AuctionWebService/V2/auctionItem?auctionID=j592002716,2084261636,Lens Caps,ニコン
64,64,4,【3ヶ月保証！】 【ショット数719回！】 ニコン Nikon D5100 ボディ ブラック（19Ju09K-ISK）,17200.0,18800.0,,https://auctions.yahooapis.jp/AuctionWebService/V2/auctionItem?auctionID=l544374905,2084261636,Battery Grips,ニコン
65,65,5,★極上美品★ニコン Nikon AF-S NIKKOR 18-140mm f3.5-5.6G ED DX VR★全領域でシャープな描画の万能ズームレンズ！★#245,22800.0,34800.0,,https://auctions.yahooapis.jp/AuctionWebService/V2/auctionItem?auctionID=j590260864,2084261684,"Lens Adapters, Mounts & Tubes",ニコン
66,66,6,ニコン Nikon F Photomic ボディ【実動品】Y1905,10500.0,14500.0,,https://auctions.yahooapis.jp/AuctionWebService/V2/auctionItem?auctionID=u298949542,2084044778,Battery Grips,ニコン
67,67,7,★ワンオーナー 極上品★ Nikon ニコン F3 HP ハイアイポイント ボディ 外観・光学ともに綺麗なコンディション！ 動作絶好調！ A243,30800.0,47800.0,,https://auctions.yahooapis.jp/AuctionWebService/V2/auctionItem?auctionID=q312125949,2084044778,Battery Grips,ニコン
68,68,8,★新品級★ニコン Nikon AF-S NIKKOR 18-140mm f3.5-5.6G ED DX VR★全領域でシャープな描画の万能ズームレンズ！★#244,23800.0,35800.0,,https://auctions.yahooapis.jp/AuctionWebService/V2/auctionItem?auctionID=v653297822,2084261684,"Lens Adapters, Mounts & Tubes",ニコン
69,69,9,★極上美品★ニコン Nikon AF-S NIKKOR 24-85mm F3.5-4.5G★フルサイズの軽量標準ズーム！コスパ最高の高画質が人気です！★#233,18800.0,34800.0,,https://auctions.yahooapis.jp/AuctionWebService/V2/auctionItem?auctionID=r337234611,2084261684,"Lens Adapters, Mounts & Tubes",ニコン
70,70,10,★美品★ニコン Nikon AF-S NIKKOR 24-85mm F3.5-4.5G★フルサイズの軽量標準ズーム！コスパ最高の高画質が人気です！★#234,17800.0,29800.0,,https://auctions.yahooapis.jp/AuctionWebService/V2/auctionItem?auctionID=o331058905,2084261684,"Lens Adapters, Mounts & Tubes",ニコン
71,71,11,★新品同様!!★ニコン NIKON AF-S NIKKOR 14-24mm F2.8G ED★新品と見間違ってしまう外観!! 透き通る程クリアな光学系!! 動作も完璧!! #742,100500.0,152300.0,,https://auctions.yahooapis.jp/AuctionWebService/V2/auctionItem?auctionID=q314153549,2084261684,"Lens Adapters, Mounts & Tubes",ニコン
72,72,12,【ランクＡ】 ニコン Nikon 1 NIKKOR 6.7-13mm F3.5-5.6 VR ブラック 元箱付き （#336）,64700.0,68700.0,,https://auctions.yahooapis.jp/AuctionWebService/V2/auctionItem?auctionID=l548328428,2084261684,"Lens Adapters, Mounts & Tubes",ニコン
73,73,13,[美品・元箱付き] Nikon Ai NIKKOR 24mm F2 元箱一式,24800.0,29800.0,,https://auctions.yahooapis.jp/AuctionWebService/V2/auctionItem?auctionID=m356495400,2084261693,Lenses,ニコン
74,74,14,★極上美品!!★ニコン NIKON D7000 ボディ★予備バッテリー付き!! 非常にきれいな外観!! 視界良好でクリアなファインダー!!#716,15010.0,34800.0,,https://auctions.yahooapis.jp/AuctionWebService/V2/auctionItem?auctionID=t672120295,2084261636,"Lens Adapters, Mounts & Tubes",ニコン
75,75,15,〓人気レンズ〓ニコン Nikon AF-S DX 18-200 F3.5-5.6G VR ED Ⅱ2型,12980.0,34800.0,,https://auctions.yahooapis.jp/AuctionWebService/V2/auctionItem?auctionID=p691644626,2084261684,Lens Caps,ニコン
76,76,16,Nikon ニコン 純正 NIKKOR 35-105mm オートフォーカス高級ズームレンズ 作動品,1300.0,,,https://auctions.yahooapis.jp/AuctionWebService/V2/auctionItem?auctionID=m356373477,2084261684,Lenses,ニコン
77,77,17,★新品同様!!★タムロン TAMRON SP 15-30mm F2.8 Di VC USD (Model A012) ニコン(Nikon)用★新品と見間違ってしまうキレイな外観!!#729,31000.0,92800.0,,https://auctions.yahooapis.jp/AuctionWebService/V2/auctionItem?auctionID=w337135233,2084261684,"Lens Adapters, Mounts & Tubes",ニコン
78,78,18,★極上美品★Nikon ニコン D750 超望遠300mm ダブルレンズセット 元箱付・付属品充実★高い機動力と高品位画質が大人気です！！★#210,119800.0,206800.0,,https://auctions.yahooapis.jp/AuctionWebService/V2/auctionItem?auctionID=o342099599,2084261684,"Lens Adapters, Mounts & Tubes",ニコン
79,79,19,★Nikon D5600 ダブルズームキット ブラック 新品購入の未使用品,63850.0,,,https://auctions.yahooapis.jp/AuctionWebService/V2/auctionItem?auctionID=u301073559,2084261636,Battery Grips,ニコン
80,80,0,★極上美品!!★Nikon ニコン D7100 ボディ ダブルレンズセット★付属品多数!!視界良好でクリアなファインダー!!すぐに使えます!!#597,26000.0,59800.0,,https://auctions.yahooapis.jp/AuctionWebService/V2/auctionItem?auctionID=r347701753,2084261636,"Lens Adapters, Mounts & Tubes",ニコン
81,81,1,★極上品★Nikon ニコン D3S ボディ★日常をドラマに変える抜群の描画力が愛されるプロ機！★#241,30001.0,149800.0,,https://auctions.yahooapis.jp/AuctionWebService/V2/auctionItem?auctionID=j585220641,2084261636,"Lens Adapters, Mounts & Tubes",ニコン
82,82,2,★極上美品★ NIKON ニコン AI NIKKOR 50mm F1.4 S Ai-s 美品マニュアルレンズ クリアーな光学 動作問題なし 1909009,4400.0,24000.0,,https://auctions.yahooapis.jp/AuctionWebService/V2/auctionItem?auctionID=c758938360,2084261693,Lens Hoods,ニコン
83,83,3,〓外観綺麗〓SIGMA シグマ AF APO TELE CONVERTER 2x EX テレコンバーター 　ニコン用,4980.0,19800.0,,https://auctions.yahooapis.jp/AuctionWebService/V2/auctionItem?auctionID=f364560663,2084261684,Battery Grips,ニコン
84,84,4,〓三脚座付〓ニコン Nikon ニコン AF Nikkor 75-300mm F4.5-5.6,2980.0,14980.0,,https://auctions.yahooapis.jp/AuctionWebService/V2/auctionItem?auctionID=u282838318,2084261684,Lenses,ニコン
85,85,5,〓外観綺麗〓ニコン Nikon Ai-s Zoom NIKKOR 28-50mm F3.5,9980.0,24800.0,,https://auctions.yahooapis.jp/AuctionWebService/V2/auctionItem?auctionID=v652964371,2084261693,Lens Hoods,ニコン
86,86,6,〓望遠レンズ付き〓Nikon ニコン D300,17980.0,34800.0,,https://auctions.yahooapis.jp/AuctionWebService/V2/auctionItem?auctionID=w332877257,2084261636,Lens Caps,ニコン
87,87,7,〓人気カメラ〓Nikon ニコン F4E,6980.0,19800.0,,https://auctions.yahooapis.jp/AuctionWebService/V2/auctionItem?auctionID=r345273703,2084044785,Digital Cameras,ニコン
88,88,8,★新品同様!!★ ニコン NIKON D750 ダブルレンズセット★標準・望遠レンズセット!!付属品充実!! 高い機動力と高品位画質が大人気です!!#705,80000.0,145800.0,,https://auctions.yahooapis.jp/AuctionWebService/V2/auctionItem?auctionID=f372617371,2084261636,"Lens Adapters, Mounts & Tubes",ニコン
89,89,9,〓外観綺麗 レンズ付き〓ニコン NIKON D80,12980.0,34800.0,,https://auctions.yahooapis.jp/AuctionWebService/V2/auctionItem?auctionID=o306341325,2084261636,Lens Caps,ニコン
90,90,10,〓非常に綺麗〓ニコン Nikon D5600,37980.0,69800.0,,https://auctions.yahooapis.jp/AuctionWebService/V2/auctionItem?auctionID=r344636167,2084261636,Battery Grips,ニコン
91,91,11,〓人気カメラ〓Nikon ニコン D70s,2980.0,13800.0,,https://auctions.yahooapis.jp/AuctionWebService/V2/auctionItem?auctionID=p702398839,2084261636,Digital Cameras,ニコン
92,92,12,〓外観非常に綺麗〓ニコン Nikon ニコン D80,6980.0,24800.0,,https://auctions.yahooapis.jp/AuctionWebService/V2/auctionItem?auctionID=d345290195,2084261636,Battery Grips,ニコン
93,93,13,〓レリーズ数たった579回 望遠レンズ付き〓ニコン Nikon D50,9980.0,24800.0,,https://auctions.yahooapis.jp/AuctionWebService/V2/auctionItem?auctionID=g358494516,2084261636,Lens Caps,ニコン
94,94,14,〓人気カメラ〓ニコン Nikon FG,2980.0,14800.0,,https://auctions.yahooapis.jp/AuctionWebService/V2/auctionItem?auctionID=q311399735,2084044778,Digital Cameras,ニコン
95,95,15,〓手振れ補正付望遠レンズセット〓ニコン Nikon AF-S 18-55 3.5-5.6 G VR AF-S 55-200 4-5.6 G VR,4980.0,19800.0,,https://auctions.yahooapis.jp/AuctionWebService/V2/auctionItem?auctionID=e377247917,2084261684,Lens Caps,ニコン
96,96,16,〓人気レンズ〓ニコン NIKON Ai NIKKOR-Q AUTO 200m F4,2480.0,19800.0,,https://auctions.yahooapis.jp/AuctionWebService/V2/auctionItem?auctionID=j584298423,2084261693,Lens Caps,ニコン
97,97,17,〓レンズ付き〓Nikon ニコン F4,13980.0,34980.0,,https://auctions.yahooapis.jp/AuctionWebService/V2/auctionItem?auctionID=n358743966,2084044785,Lens Caps,ニコン
98,98,18,〓 外観綺麗〓 NIKON ニコン UW-NIKKOR 35mm F2.5,3980.0,19800.0,,https://auctions.yahooapis.jp/AuctionWebService/V2/auctionItem?auctionID=w283415896,2084261693,Film Cameras,ニコン
99,99,19,〓非常に綺麗 フード付〓タムロン SP AF 17-50 F2.8 XR DiII VC B005 ニコン用,17980.0,34800.0,,https://auctions.yahooapis.jp/AuctionWebService/V2/auctionItem?auctionID=t666581328,2084261684,Lens Hoods,ニコン
100,100,0,〓外観綺麗〓Nikon ニコン D600 元箱 付属品多数,51980.0,79800.0,,https://auctions.yahooapis.jp/AuctionWebService/V2/auctionItem?auctionID=j512840645,2084261636,"Lens Adapters, Mounts & Tubes",ニコン
101,101,1,★極上品★Nikon ニコン D800 ダブルレンズセット 付属品充実★フィールド・スタジオ場所を選ばず高解像度の上級機！★#253,10000.0,143800.0,,https://auctions.yahooapis.jp/AuctionWebService/V2/auctionItem?auctionID=x645466792,2084261636,"Lens Adapters, Mounts & Tubes",ニコン
102,102,2,〓レリーズ数たった3855回 望遠レンズ付き〓ニコン Nikon D50,9980.0,24800.0,,https://auctions.yahooapis.jp/AuctionWebService/V2/auctionItem?auctionID=l536299322,2084261636,Flashes,ニコン
103,103,3,〓レンズ３本セット〓ニコン AF Nikkor 35-70 3.3-4.5　AF Nikkor 35-105 3.5-4.5 D　シグマ 18-35 3.5-4.5 D ニコン用,4980.0,19800.0,,https://auctions.yahooapis.jp/AuctionWebService/V2/auctionItem?auctionID=m352251118,2084261684,Lens Hoods,ニコン
104,104,4,〓レンズ3本セット〓ニコン NIkon 35-70 3.3-4.5 35-135 3.5-4.5 タムロン 28-200 3.8-5.6,5980.0,14800.0,,https://auctions.yahooapis.jp/AuctionWebService/V2/auctionItem?auctionID=m356594337,2084261684,Lens Caps,ニコン
105,105,5,〓手振れ補正付望遠レンズセット〓ニコン Nikon AF-S 55-200 4-5.6 G VR　　28-80 3.5-5.6 D,5980.0,14800.0,,https://auctions.yahooapis.jp/AuctionWebService/V2/auctionItem?auctionID=l547169772,2084261684,Lens Caps,ニコン
106,106,6,【ランクＢ】 ニコン Nikon Ai-s NIKKOR 24mm F2 （#347）,22700.0,24700.0,,https://auctions.yahooapis.jp/AuctionWebService/V2/auctionItem?auctionID=l548603819,2084261693,"Lens Adapters, Mounts & Tubes",ニコン
107,107,7,〓外観非常に綺麗〓ニコン Nikon F2 フォトミック S,22980.0,54800.0,,https://auctions.yahooapis.jp/AuctionWebService/V2/auctionItem?auctionID=342834488,2084044778,Battery Grips,ニコン
108,108,8,★新品同様!!★ニコン Nikon D610 レンズセット★標準・望遠!! 新品と見間違ってしまう外観!! 透き通る程クリアなファインダー!! #783,45000.0,99800.0,,https://auctions.yahooapis.jp/AuctionWebService/V2/auctionItem?auctionID=w337325017,2084261636,"Lens Adapters, Mounts & Tubes",ニコン
109,109,9,〓レリーズたった数4773回 レンズ付〓Nikon ニコン D80 付属品完備,14980.0,34800.0,,https://auctions.yahooapis.jp/AuctionWebService/V2/auctionItem?auctionID=v638605556,2084261636,Lens Caps,ニコン
110,110,10,〓外観綺麗〓トキナー TOKINA AF 28-105mm F3.5-4.5 ASPHERICAL ニコン用,3980.0,,,https://auctions.yahooapis.jp/AuctionWebService/V2/auctionItem?auctionID=s678813248,2084261684,Lens Hoods,ニコン
111,111,11,〓外観綺麗 フード付〓ニコン Nikon AF NIKKOR 85 F1.8,18980.0,39800.0,,https://auctions.yahooapis.jp/AuctionWebService/V2/auctionItem?auctionID=c726863851,2084261684,Battery Grips,ニコン
112,112,12,〓外観綺麗　三脚座付〓ニコン Nikon ED AF NIKKOR 300mm F4,29980.0,49800.0,,https://auctions.yahooapis.jp/AuctionWebService/V2/auctionItem?auctionID=n326180925,2084261684,Lenses,ニコン
113,113,13,〓外観綺麗〓Nikon ニコン D40,6980.0,19800.0,,https://auctions.yahooapis.jp/AuctionWebService/V2/auctionItem?auctionID=f370806572,2084261636,Battery Grips,ニコン
114,114,14,〓外観綺麗〓Nikon ニコン AF-S NIKKOR 17-35mm F2.8D ED,44980.0,74800.0,,https://auctions.yahooapis.jp/AuctionWebService/V2/auctionItem?auctionID=s677298562,2084261684,Film Cameras,ニコン
115,115,15,〓レリーズ数7252回　超望遠300㎜レンズ付き〓ニコン Nikon D70,5980.0,19800.0,,https://auctions.yahooapis.jp/AuctionWebService/V2/auctionItem?auctionID=b414015324,2084261636,Lens Caps,ニコン
116,116,16,〓非常に綺麗 フード 三脚座付〓ニコン Nikon AF NIKKOR 80-200 F2.8 D ED NEW,32980.0,69800.0,,https://auctions.yahooapis.jp/AuctionWebService/V2/auctionItem?auctionID=u244611210,2084261684,Battery Grips,ニコン
117,117,17,〓外観非常に綺麗 ケース、三脚座付〓ニコン 80-200 F2.8 D ED NEW,27980.0,54800.0,,https://auctions.yahooapis.jp/AuctionWebService/V2/auctionItem?auctionID=x637917081,2084261684,Flashes,ニコン
118,118,18,〓レリーズ数たった6320回　非常に綺麗〓Nikon ニコン D5000 レンズ付き,15980.0,39800.0,,https://auctions.yahooapis.jp/AuctionWebService/V2/auctionItem?auctionID=c756953163,2084261636,Lens Caps,ニコン
119,119,19,〓外観非常に綺麗 フード付〓シグマ 70-300 F4-5.6 APO DG Macro ニコン用,11980.0,32800.0,,https://auctions.yahooapis.jp/AuctionWebService/V2/auctionItem?auctionID=t606500798,2084261684,Lens Hoods,ニコン
120,120,0,〓レリーズ数4677回 望遠レンズ付き〓Nikon ニコン D70,6980.0,24800.0,,https://auctions.yahooapis.jp/AuctionWebService/V2/auctionItem?auctionID=c750895873,2084261636,Lens Caps,ニコン
121,121,1,〓人気レンズ〓ニコン Nikon NIKKOR-S Auto 50 1.4,4980.0,19800.0,,https://auctions.yahooapis.jp/AuctionWebService/V2/auctionItem?auctionID=u282515696,2084261693,Lens Hoods,ニコン
122,122,2,〓外観綺麗　元箱付〓Sunpak サンパック PZ40X Nikon ニコン用,2980.0,14800.0,,https://auctions.yahooapis.jp/AuctionWebService/V2/auctionItem?auctionID=v654783430,2084261969,Battery Grips,ニコン用
123,123,3,〓レリーズ数たった120回の新品級〓Nikon ニコン D5000 付属品多数,15980.0,34800.0,,https://auctions.yahooapis.jp/AuctionWebService/V2/auctionItem?auctionID=j587480132,2084261636,Film Cameras,ニコン
124,124,4,★奇跡の超美品★ SIGMA シグマ 120-400mm 4.5-5.6 APO DG OS ニコン用 おまけ付き！ 外観・光学ともに非常に綺麗なコンディション！ A147,39800.0,54800.0,,https://auctions.yahooapis.jp/AuctionWebService/V2/auctionItem?auctionID=397634384,2084261684,Lenses,ニコン
125,125,5,〓人気カメラ〓Nikon ニコン Ｄ70s,2980.0,14800.0,,https://auctions.yahooapis.jp/AuctionWebService/V2/auctionItem?auctionID=399398956,2084261636,Digital Cameras,ニコン
126,126,6,【極上品！】NIKON PHOTMIC F2 ＋NIKKOR-S AUTO F1.4 50MM 安心保障！2日以内発送！,13480.0,13660.0,,https://auctions.yahooapis.jp/AuctionWebService/V2/auctionItem?auctionID=j586550310,2084261693,"Cases, Bags & Covers",ニコン
127,127,7,〓超望遠レンズ付き〓nikon ニコン D70S,3980.0,14800.0,,https://auctions.yahooapis.jp/AuctionWebService/V2/auctionItem?auctionID=f365509818,2084261636,Lens Caps,ニコン
128,128,8,TAMRON/タムロン SP AF 10-24mm F/3.5-4.5 Di II LD Aspherical [IF] B001 ニコン用 広角ズームレンズ /000,8910.0,,,https://auctions.yahooapis.jp/AuctionWebService/V2/auctionItem?auctionID=w336471812,2084261684,Lens Hoods,ニコン
129,129,9,【極上品】 【35倍ズーム】ニコン Nikon COOLPIX A900 シルバー 【軽量コンパクト】 【チルト式液晶モニター】（19Jl10K-IKK）,23000.0,24800.0,,https://auctions.yahooapis.jp/AuctionWebService/V2/auctionItem?auctionID=l544666973,2084261644,"Lens Adapters, Mounts & Tubes",ニコン
130,130,10,★希少・ 極上美品★ Nikon ニコン NIKKOR 35mm F2 Ai 単焦点レンズ 付属品付★綺麗な外観! カビ・クモリなし! 完動品! B882,11900.0,26900.0,,https://auctions.yahooapis.jp/AuctionWebService/V2/auctionItem?auctionID=f368553238,2084261693,Lenses,ニコン
131,131,11,★極上品★ Nikon ニコン AF-S 24-120mm 4 G ED VR 綺麗な外観！ カビ・クモリなしの非常に綺麗な光学！ 必ずご満足いただけます！ A049,1.0,65800.0,,https://auctions.yahooapis.jp/AuctionWebService/V2/auctionItem?auctionID=u288778021,2084261684,Lenses,ニコン
132,132,12,Nikon ニコン 対物レンズ Plan APO 10X/0.45 DIC N1 ∞/0.17 WD 4.0 中古 顕微鏡 10倍 生物 管理⑥,20193.0,26998.0,,https://auctions.yahooapis.jp/AuctionWebService/V2/auctionItem?auctionID=e375915118,2084045044,Lens Caps,顕微鏡
133,133,13,Nikon ニコン 対物レンズ Plan Apo 20x/0.75 DIC N2 ∞/0.17 WD 1.0 中古 顕微鏡 20倍 生物 ケース 管理⑩,26566.0,39958.0,,https://auctions.yahooapis.jp/AuctionWebService/V2/auctionItem?auctionID=c754062117,2084045044,Lens Caps,顕微鏡
134,134,14,★動作確認済★ NIKON ニコン F2 フォトミック ボディ ブラック ニコンの誇る名機 ★カビ・クモリ・キズなし! シャッター動作可! B872,10000.0,29800.0,,https://auctions.yahooapis.jp/AuctionWebService/V2/auctionItem?auctionID=d382769176,2084044778,Battery Grips,ニコン
135,135,15,【極上品】【超望遠】 ニコン Nikon AF-P DX NIKKOR 70-300mm f4.5-6.3G ED VR 【高速・静粛】（19A18K-INZ）,9250.0,18000.0,,https://auctions.yahooapis.jp/AuctionWebService/V2/auctionItem?auctionID=b414656145,2084261684,Lenses,ニコン
136,136,16,〓レリーズ数4495回　望遠レンズ付き〓ニコン Nikon D70s,6980.0,24800.0,,https://auctions.yahooapis.jp/AuctionWebService/V2/auctionItem?auctionID=t671496675,2084261636,Lens Caps,ニコン
137,137,17,Nikon ニコン専用 SIGMA製 35-70mm AF ズームレンズ 2本まとめて 作動品,2200.0,9000.0,,https://auctions.yahooapis.jp/AuctionWebService/V2/auctionItem?auctionID=n368221302,2084261684,Lenses,ニコン
138,138,18,"nikon 三脚座リング　RT-1　良品　定価12,900円 値引き中",4499.0,,,https://auctions.yahooapis.jp/AuctionWebService/V2/auctionItem?auctionID=m354050303,23760,Viewfinders & Eyecups,その他
139,139,19,★奇跡・ 新品級★ Nikon ニコン NIKKOR 24mm F2.8 Ai-s 単焦点レンズ 付属品満載 ★外観・光学共に最高のコンディション! 完動品! B905,17200.0,25900.0,,https://auctions.yahooapis.jp/AuctionWebService/V2/auctionItem?auctionID=s684395265,2084261693,Lenses,ニコン
140,140,0,★極上品★ Nikon ニコン NIKKOR 50mm F1.2 Ai-s 単焦点レンズ ★光学系カビ・クモリ・キズなし! 油染みなし! 完動品! D005,30500.0,42900.0,,https://auctions.yahooapis.jp/AuctionWebService/V2/auctionItem?auctionID=v650988692,2084261693,Lens Hoods,ニコン
141,141,1,〓人気レンズ〓ニコン Nikon Ai-s Micro-Nikkor 105 F2.8,11980.0,29800.0,,https://auctions.yahooapis.jp/AuctionWebService/V2/auctionItem?auctionID=d369757189,2084261693,Lens Hoods,ニコン
142,142,2,★新品級★ NIKON ニコン AF-S NIKKOR 70-200mm F2.8E FL ED VR 付属品満載 ★外観・光学共に最高レベル! カビ・クモリなし! 完動品! D002,224900.0,269000.0,,https://auctions.yahooapis.jp/AuctionWebService/V2/auctionItem?auctionID=g370538704,2084261684,Lenses,ニコン
143,143,3,〓外観綺麗 〓Nikon ニコン ストラップ for Professional,1980.0,14800.0,,https://auctions.yahooapis.jp/AuctionWebService/V2/auctionItem?auctionID=g372097962,23760,Battery Grips,その他
144,144,4,★超美品★ Nikon ニコン AF-S 12-24mm 4 G ED おまけ付き！ 外観・光学ともに非常に綺麗なコンディション！必ずご満足いただけます！ A190,27800.0,45800.0,,https://auctions.yahooapis.jp/AuctionWebService/V2/auctionItem?auctionID=u292264593,2084261684,Lenses,ニコン
145,145,5,★奇跡・超極上美品★ NIKON ニコン F3/T HP チタン ボディ付属品付★外観・光学共に新品同様の最高レベル! カビ・クモリなし! 完動品 B892,61900.0,119800.0,,https://auctions.yahooapis.jp/AuctionWebService/V2/auctionItem?auctionID=q311427947,2084044778,Digital Cameras,ニコン
146,146,6,Nikon ニコン ED AF NIKKOR 80-200mm 1:2.8 レンズ Kenko SKYLIGHT 77mm フィルター,3600.0,,,https://auctions.yahooapis.jp/AuctionWebService/V2/auctionItem?auctionID=o340712298,2084261684,Lenses,ニコン
147,147,7,★新品級★ 超クリアな光学系！ SIGMA シグマ 50-500mm F4.5-6.3 APO DG OS 超望遠 ニコン用 ワンオーナー品！ #R008,2100.0,129800.0,,https://auctions.yahooapis.jp/AuctionWebService/V2/auctionItem?auctionID=k410726392,2084261690,"Lens Adapters, Mounts & Tubes",その他
148,148,8,質屋出品☆TAMRON タムロン ニコンマウント 18-400mm F/3.5-6.3 DiⅡVC HLD (Model B028）超望遠高倍率ズーム for NIKON 中古☆1円,46602.0,,,https://auctions.yahooapis.jp/AuctionWebService/V2/auctionItem?auctionID=t671818262,2084261684,Lens Hoods,ニコン
149,149,9,■得々■Nikon/ニコン/光学顕微鏡/OPTIPHOTO/オプチフォト/正立型/金属顕微鏡＆カメラ＆撮影装置/実験/研究/ラボ/対物レンズ（5本）/10,88560.0,,,https://auctions.yahooapis.jp/AuctionWebService/V2/auctionItem?auctionID=k387438800,2084045044,Lens Caps,顕微鏡
150,150,10,光学系・外観共良好 超広角ズーム AF19-35mm F3.5-4.5 Model A10 for NIKON AF FX フルサイズフォーマット対応 最短撮影(50cm) 実写確認済,9480.0,13980.0,,https://auctions.yahooapis.jp/AuctionWebService/V2/auctionItem?auctionID=r330349252,2084261684,Lens Hoods,ニコン
151,151,11,光学系・外観共良好 NIKON NIKKOR-H Auto 28mm F3.5 FX フルサイズフォーマット 貴重な 非Ai 純正前キャップ 実写確認済 c,7380.0,9980.0,,https://auctions.yahooapis.jp/AuctionWebService/V2/auctionItem?auctionID=b381350867,2084261693,Lens Caps,ニコン
152,152,12,【ecoま】NIKON GN Auto NIKKOR・C 45mm F2.8 no.771719 パンケーキレンズ 単焦点マニュアルレンズ,19800.0,,,https://auctions.yahooapis.jp/AuctionWebService/V2/auctionItem?auctionID=t650833878,2084261693,Lenses,ニコン
153,153,13,■ほぼ新品■ニコン Nikon COOLPIX A900 ブラック 光学35倍ズーム Wi-Fi Bluetooth対応 #d19h16h21,21500.0,24800.0,,https://auctions.yahooapis.jp/AuctionWebService/V2/auctionItem?auctionID=c754760699,2084261644,"Lens Adapters, Mounts & Tubes",ニコン
154,154,14,★極上美品★ Nikon ニコン AF-S 24-70mm 2.8 G ED 外観・光学ともに非常に綺麗なコンディション！ 必ずご満足いただけます！ A184,87800.0,104800.0,,https://auctions.yahooapis.jp/AuctionWebService/V2/auctionItem?auctionID=x636505325,2084261684,Lenses,ニコン
155,155,15,★超美品★ SIGMA シグマ 35mm 1.4 DG ニコン用 おまけのレンズプロテクター付き！外観・光学ともに非常に綺麗なコンディション！ A122,60800.0,74800.0,,https://auctions.yahooapis.jp/AuctionWebService/V2/auctionItem?auctionID=u287705338,2084261684,Lenses,ニコン
156,156,16,NIKON AF-S NIKKOR 28mm F1.4E ED 未使用品 付属完備,152000.0,152000.0,,https://auctions.yahooapis.jp/AuctionWebService/V2/auctionItem?auctionID=f365318619,2084261684,Lenses,ニコン
157,157,17,◆初心者入門＆付属品多数◆ Nikon ニコン D70 超望遠Ｗズームレンズセット,10210.0,29800.0,,https://auctions.yahooapis.jp/AuctionWebService/V2/auctionItem?auctionID=b414625161,2084261636,Lenses,ニコン
158,158,18,【超美品】ニコン Nikon D5500 18-55mm G VR II レンズキット 元箱付 ショット数なんと2651回！,34530.0,45800.0,,https://auctions.yahooapis.jp/AuctionWebService/V2/auctionItem?auctionID=d386889665,2084261636,Lenses,ニコン
159,159,19,【美品】Nikon ニコン F3 ブラックボディ ストラップ付き,23000.0,25000.0,,https://auctions.yahooapis.jp/AuctionWebService/V2/auctionItem?auctionID=o341862248,2084044778,Digital Cameras,ニコン
160,160,0,L6093【SIGMA 70-300mm F4-5.6D DL】高性能望遠ズームレンズ No.1033183 シグマ フード フィルター Kenko SL-39 58mm マウントNIKON 美品,2000.0,,,https://auctions.yahooapis.jp/AuctionWebService/V2/auctionItem?auctionID=p710800391,2084261690,Lens Hoods,その他
161,161,1,極上品！センサーゴミなし！ニコン COOLPIX P610／おまけ多数／即決送料無料（離島除く）,19000.0,26000.0,,https://auctions.yahooapis.jp/AuctionWebService/V2/auctionItem?auctionID=x645528788,2084261644,Viewfinders & Eyecups,ニコン
162,162,2,★超美品★ Nikon ニコン AF-S NIKKOR 24-120mm 4 G ED VR おまけのフィルター付き！ 外観・光学共に非常に綺麗なコンディション！ A053,49800.0,61800.0,,https://auctions.yahooapis.jp/AuctionWebService/V2/auctionItem?auctionID=e370243256,2084261684,Lenses,ニコン
163,163,3,★超希少！美品★Nikon ニコン 双眼鏡 モナーク5 20x56 ダハプリズム式 20倍56口径 MONARCH 5 /#1780/0914,21100.0,,,https://auctions.yahooapis.jp/AuctionWebService/V2/auctionItem?auctionID=b414390461,2084263451,"Lens Adapters, Mounts & Tubes",ニコン
164,164,4,★極上美品★ Nikon ニコン AF-S 16-35mm 4 G ED VR おまけ付き！ 外観・光学ともに綺麗なコンディション！必ずご満足いただけます！ A185,61800.0,77800.0,,https://auctions.yahooapis.jp/AuctionWebService/V2/auctionItem?auctionID=e370221709,2084261684,Film Cameras,ニコン
165,165,5,★即決★価格交渉あり★ニコン Nikon Ai-S Nikkor 35mm F2★純正広角単焦点レンズ★＜フィルター、前後キャップ＞＃3118,16980.0,16980.0,,https://auctions.yahooapis.jp/AuctionWebService/V2/auctionItem?auctionID=q314708596,2084261693,Lens Caps,ニコン
166,166,6,Nikon ニコン 純正 NIKKOR 28mm 単焦点高級ワイドレンズ 1:3.5 完動品 (Ai),510.0,,,https://auctions.yahooapis.jp/AuctionWebService/V2/auctionItem?auctionID=t671021411,2084261693,Lenses,ニコン
167,167,7,☆箱付き 動作正常☆ Nikon FE ブラック ニコン フィルム 一眼レフ マニュアル カメラ,5555.0,,,https://auctions.yahooapis.jp/AuctionWebService/V2/auctionItem?auctionID=h420800390,2084044778,"Lens Adapters, Mounts & Tubes",ニコン
168,168,8,★極上美品★ ニコン Nikon D7200 ダブルレンズセット ■安心の6カ月保証■ K-14AU19-315,45500.0,79800.0,,https://auctions.yahooapis.jp/AuctionWebService/V2/auctionItem?auctionID=l541749351,2084261636,Lens Hoods,ニコン
169,169,9,☆希少超広角レン極上美品級☆タムロン TＡＭＲＯＭ　 AF 19-35mm　 F3.5-4.5 Nikon　動作保証１ヶ月付　即日発送,15980.0,17680.0,,https://auctions.yahooapis.jp/AuctionWebService/V2/auctionItem?auctionID=x591503550,2084261684,Film Cameras,ニコン
170,170,10,★完動品★ Nikon ニコン ED 300mm 2.8 Ai ＆ TC-301 2X テレコンバーター 動作絶好調！ 憧れのサンニッパ！ 大口径超望遠レンズ！ A259,47800.0,59800.0,,https://auctions.yahooapis.jp/AuctionWebService/V2/auctionItem?auctionID=l547620809,2084261693,Lens Hoods,ニコン
171,171,11,純正新品！Nikon Li-ion リチャージャブルバッテリー EN-EL21 ！,1980.0,1980.0,,https://auctions.yahooapis.jp/AuctionWebService/V2/auctionItem?auctionID=h356636879,2084261661,Battery Grips,ニコン
172,172,12,☆正常撮影☆ Nikon FM ニコン フィルム 一眼レフ マニュアル カメラ,1200.0,,,https://auctions.yahooapis.jp/AuctionWebService/V2/auctionItem?auctionID=o342512115,2084044778,Film Cameras,ニコン
173,173,13,ニコン Nikon AF-S VR 70-200mm F2.8G ED,15011.0,69800.0,,https://auctions.yahooapis.jp/AuctionWebService/V2/auctionItem?auctionID=f372944589,2084261684,Lenses,ニコン
174,174,14,ニコン Nikon F2S 【現状品】 #1916,1.0,14500.0,,https://auctions.yahooapis.jp/AuctionWebService/V2/auctionItem?auctionID=d385234170,2084261693,"Lens Adapters, Mounts & Tubes",ニコン
175,175,15,Nikon ニコン 純正 NIKKOR-S 50mm MF 高級単焦点レンズ 1:1.4 完動品,2150.0,,,https://auctions.yahooapis.jp/AuctionWebService/V2/auctionItem?auctionID=n367824585,2084261693,Lens Hoods,ニコン
176,176,16,純正新品！Nikon Li-ion リチャージャブルバッテリー EN-EL21,1480.0,1480.0,,https://auctions.yahooapis.jp/AuctionWebService/V2/auctionItem?auctionID=c744649151,2084305445,Battery Grips,ニコン
177,177,17,AF-S NIKKOR 24-70mm f/2.8E ED VR 　ニコン円,170000.0,,,https://auctions.yahooapis.jp/AuctionWebService/V2/auctionItem?auctionID=u301922598,2084261684,Lens Hoods,ニコン
178,178,18,Nikon AF-S NIKKOR 58mm f/1.4G　ニコン,120000.0,,,https://auctions.yahooapis.jp/AuctionWebService/V2/auctionItem?auctionID=417502584,2084261684,Lens Hoods,ニコン
179,179,19,★土地家屋調査士・測量士★「マイゾックス MYZOX ミニプリズム ①」（トプコン・ソキア・ニコン・ペンタックス等に）★即決,21800.0,21800.0,,https://auctions.yahooapis.jp/AuctionWebService/V2/auctionItem?auctionID=l548444868,2084211050,Battery Grips,測量、角度計
180,180,0,★超おススメ★オーバーホール済み★特選品★ Nikon ニコン F5 ボディ ボディキャップ付き！#OK-674,25432.0,28680.0,,https://auctions.yahooapis.jp/AuctionWebService/V2/auctionItem?auctionID=e380581444,2084044785,"Lens Adapters, Mounts & Tubes",ニコン
181,181,1,Nikonニコン AF-S DX Zoom-Nikkor 18-70mm f/3.5-4.5G ED,5000.0,,,https://auctions.yahooapis.jp/AuctionWebService/V2/auctionItem?auctionID=x645673331,2084261684,Lens Hoods,ニコン
182,182,2,★ニコン/Nikon D3200 ボディ・レンズ：TAMRON DiⅡ 18-270mm/F3.5-6.3 充電器・レンズガード他　　格安1点セット,13521.0,,,https://auctions.yahooapis.jp/AuctionWebService/V2/auctionItem?auctionID=t671061836,2084261636,Lenses,ニコン
183,183,3,美品 Nikon ニコン COOLPIX L28 2005万画素 電池,2376.0,,,https://auctions.yahooapis.jp/AuctionWebService/V2/auctionItem?auctionID=r348015576,2084261644,Battery Grips,ニコン
184,184,4,〓実用良品〓 Nikon ニコン D600 超望遠 Wレンズセット ★ ダブルレンズセット ♪ 付属品多数！！！,68800.0,74800.0,,https://auctions.yahooapis.jp/AuctionWebService/V2/auctionItem?auctionID=w336935680,2084261636,Lens Caps,ニコン
185,185,5,★土地家屋調査士・測量士★「マイゾックス MYZOX ミニプリズム ②」（トプコン・ソキア・ニコン・ペンタックス等に）★即決,21800.0,21800.0,,https://auctions.yahooapis.jp/AuctionWebService/V2/auctionItem?auctionID=w336586370,2084211050,Battery Grips,測量、角度計
186,186,6,NIKON　ニコン大型顕微鏡MICROPHOT ＋ 1600万画素デジタルカメラ（NEX-5N　ズームレンズ　ストロボ　ACアダプタ、バッテリ、充電器付き）,198000.0,198000.0,,https://auctions.yahooapis.jp/AuctionWebService/V2/auctionItem?auctionID=c756386375,2084045044,Digital Cameras,顕微鏡
187,187,7,送料込み！撮影枚数 1.620 Nikon D5500 18-55mm VR II レンズキット 純正電池２個　バッテリーパック他付き,38000.0,,,https://auctions.yahooapis.jp/AuctionWebService/V2/auctionItem?auctionID=u301656344,2084261636,Lens Caps,ニコン
188,188,8,【美品・付属品完備】ニッシン デジタル i40 ニコン用 343,15500.0,15500.0,,https://auctions.yahooapis.jp/AuctionWebService/V2/auctionItem?auctionID=j587240027,2084261969,Battery Grips,ニコン用
189,189,9,〓超美級〓 ★ニコン Nikon D7000 超望遠 Wレンズセット ★ ダブルレンズセット ♪,32800.0,35800.0,,https://auctions.yahooapis.jp/AuctionWebService/V2/auctionItem?auctionID=c762095062,2084261636,Lens Caps,ニコン
190,190,10,〓極美級〓 Nikon ニコン D800E 超望遠 Wレンズセット ★ ダブルレンズセット ♪,102800.0,105800.0,,https://auctions.yahooapis.jp/AuctionWebService/V2/auctionItem?auctionID=c751983385,2084261636,Lens Caps,ニコン
191,191,11,〓明るい単焦点〓 ニコン Nikon AF 105mm F2.8 人気 (^o^)♪♪ ★,14800.0,17800.0,,https://auctions.yahooapis.jp/AuctionWebService/V2/auctionItem?auctionID=b407623802,2084261684,Lens Hoods,ニコン
192,192,12,〓超望遠レンズ〓 ● TAMRON タムロン AF 200-400mm F5.6 ● ニコン用,9680.0,10880.0,,https://auctions.yahooapis.jp/AuctionWebService/V2/auctionItem?auctionID=j585886614,2084261684,Lenses,ニコン
193,193,13,〓訳アリ品〓 ★ ニコン Nikon 1 Nikkor 10-100mm F4-5.6 VR ★,22800.0,24800.0,,https://auctions.yahooapis.jp/AuctionWebService/V2/auctionItem?auctionID=x624548370,2084261684,Lenses,ニコン
194,194,14,〓超美級〓 ニコン Nikon AF 28-200mm F3.5-5.6 D★,9880.0,11800.0,,https://auctions.yahooapis.jp/AuctionWebService/V2/auctionItem?auctionID=b414936397,2084261684,Lenses,ニコン
195,195,15,〓極美級〓 NIKON ニコン FIELD SCOPE ED フィールドスコープ D=60P ★,14800.0,16800.0,,https://auctions.yahooapis.jp/AuctionWebService/V2/auctionItem?auctionID=t672497748,2084055380,Battery Grips,セット
196,196,16,〓訳アリ良品〓 ★ ニコン Nikon AF-S NIKKOR 18-105mm F3.5-5.6G ED VR ★,7980.0,8980.0,,https://auctions.yahooapis.jp/AuctionWebService/V2/auctionItem?auctionID=e380565387,2084261684,Lens Hoods,ニコン
197,197,17,★極美品★ニコン NIKON AF NIKKOR 24-120mm f3.5-5.6 D ★完動★#6758,5200.0,5400.0,,https://auctions.yahooapis.jp/AuctionWebService/V2/auctionItem?auctionID=p707658561,2084261684,"Lens Adapters, Mounts & Tubes",ニコン
198,198,18,★新品級★ニコン NIKON AF NIKKOR 28-200mm f3.5-5.6 G ★完動★#6736,20000.0,20200.0,,https://auctions.yahooapis.jp/AuctionWebService/V2/auctionItem?auctionID=418464913,2084261684,"Lens Adapters, Mounts & Tubes",ニコン
199,199,19,★超極上★ニコン NIKON Ai-S NIKKOR 85mm f2 ★完動★#6740,16000.0,16200.0,,https://auctions.yahooapis.jp/AuctionWebService/V2/auctionItem?auctionID=d388247424,2084261693,"Lens Adapters, Mounts & Tubes",ニコン
200,200,0,★新品級★ニコン NIKON AF NIKKOR 24-85mm f2.8-4 D ★完動★#6730,23000.0,23200.0,,https://auctions.yahooapis.jp/AuctionWebService/V2/auctionItem?auctionID=l548198113,2084261684,"Lens Adapters, Mounts & Tubes",ニコン
201,201,1,★新品同様★ニコン NIKON SB-600 スピードライト ★付属品充実★#6734,13000.0,13200.0,,https://auctions.yahooapis.jp/AuctionWebService/V2/auctionItem?auctionID=q314595871,2084261969,"Lens Adapters, Mounts & Tubes",ニコン用
202,202,2,【新品即決】安！Metz/メッツ５８AF-1デジタル　コン用ストロボ,27000.0,27000.0,,https://auctions.yahooapis.jp/AuctionWebService/V2/auctionItem?auctionID=r106215224,2084261969,Battery Grips,ニコン用
203,203,3,【新品即決】ケンコー・トキナー　レンズベビーSCOUT/ニコン,13300.0,13300.0,,https://auctions.yahooapis.jp/AuctionWebService/V2/auctionItem?auctionID=w321855178,2084261684,Battery Grips,ニコン
204,204,4,【新品即決】ケンコー・トキナー　レンズベビーコントロールフリーク/ニコン,12980.0,12980.0,,https://auctions.yahooapis.jp/AuctionWebService/V2/auctionItem?auctionID=r203164432,2084261684,Battery Grips,ニコン
205,205,5,【極上品】 ニコン Nikon COOLPIX A100 レッド【スタイリッシュで高画質】【HD動画もOK】（19Se14K-RK）,4300.0,13000.0,,https://auctions.yahooapis.jp/AuctionWebService/V2/auctionItem?auctionID=f372922880,2084261644,Battery Grips,ニコン
206,206,6,DC09 2種入Nikonニコン MH-53/コニカミノルタ BC-900充電器互換品 （USBとACの2個セット） 2種セット,907.0,907.0,,https://auctions.yahooapis.jp/AuctionWebService/V2/auctionItem?auctionID=o320135788,2084261672,"Cases, Bags & Covers",ニコン
207,207,7,Nikomat EL ボディ・NIKKOR28mm・NIKKOR・C Auto 43-86mm・NIKKOR 50mm綺麗☆彡,1.0,,,https://auctions.yahooapis.jp/AuctionWebService/V2/auctionItem?auctionID=g372547830,2084044778,Lens Hoods,ニコン
208,208,8,即決 美品 動作保証 ニコン AF-S NIKKOR 24-70mm F2.8G ED 箱、ケース、おまけ保護フィルター付き,99000.0,99000.0,,https://auctions.yahooapis.jp/AuctionWebService/V2/auctionItem?auctionID=r343082558,2084261684,"Cases, Bags & Covers",ニコン
209,209,9,即決 良品 動作保証 ニコン Nikon AF VR 80-400mm F4.5-5.6D ED ケース付き,56800.0,56800.0,,https://auctions.yahooapis.jp/AuctionWebService/V2/auctionItem?auctionID=o316803009,2084261684,"Cases, Bags & Covers",ニコン
210,210,10,即決 美品 動作保証 ニコン AF-S NIKKOR 24-70mm F2.8G ED,92500.0,92500.0,,https://auctions.yahooapis.jp/AuctionWebService/V2/auctionItem?auctionID=r295971826,2084261684,Lenses,ニコン
211,211,11,即決 美品 動作保証 Nikon ニコン AF-S Nikkor ED 600mm F4D II（IF）通常送料無料,421000.0,421000.0,,https://auctions.yahooapis.jp/AuctionWebService/V2/auctionItem?auctionID=d369512396,2084261684,Lenses,ニコン
212,212,12,即決 良品 保証 ニコン AF-S NIKKOR 200-400mm F4G ED VR ケース付き 通常送料無料,268000.0,268000.0,,https://auctions.yahooapis.jp/AuctionWebService/V2/auctionItem?auctionID=w286823357,2084261684,"Cases, Bags & Covers",ニコン
213,213,13,即決 動作保証 ニコン AF-S VR ED 70-200mm F2.8G（IF）フード付 良品,87800.0,87800.0,,https://auctions.yahooapis.jp/AuctionWebService/V2/auctionItem?auctionID=n280737926,2084261684,Lens Hoods,ニコン
214,214,14,即決 美品 保証 ニコン PC-E Micro NIKKOR 45mm F2.8D ED,161000.0,161000.0,,https://auctions.yahooapis.jp/AuctionWebService/V2/auctionItem?auctionID=k373695803,2084261684,Lenses,ニコン
215,215,15,即決 ニコン AF ED 300mm F2.8 S (IF) NEW 美品 ケース付,103800.0,103800.0,,https://auctions.yahooapis.jp/AuctionWebService/V2/auctionItem?auctionID=t564501138,2084261684,"Cases, Bags & Covers",ニコン
216,216,16,即決 ニコン AF-S Nikkor ED 300mm F2.8D II（IF）フード付き 良品,199800.0,199800.0,,https://auctions.yahooapis.jp/AuctionWebService/V2/auctionItem?auctionID=g326127455,2084261684,Lenses,ニコン
217,217,17,即決 良品 ニコン Nikon Ai AF Zoom Nikkor 20-35mm F2.8D (IF),49000.0,49000.0,,https://auctions.yahooapis.jp/AuctionWebService/V2/auctionItem?auctionID=u245813395,2084261684,Film Cameras,ニコン
218,218,18,ニコン　スピードライト　SB-600 　ソフトケース&箱付き、完動美品,7250.0,,,https://auctions.yahooapis.jp/AuctionWebService/V2/auctionItem?auctionID=q314375252,2084261969,Battery Grips,ニコン用
219,219,19,Nikon　ニコン　FLX スリングバッグ　ブラウン/オレンジ,3000.0,,,https://auctions.yahooapis.jp/AuctionWebService/V2/auctionItem?auctionID=m358063924,2084261931,Battery Grips,ソフトバッグ
220,220,0,70年代製 Nikon製 カメラ F-2 ブラックボデー,9805.0,,,https://auctions.yahooapis.jp/AuctionWebService/V2/auctionItem?auctionID=t668348724,2084044778,Battery Grips,ニコン
221,221,1,70年代製 Nikon F ビンテージ カメラ,5250.0,,,https://auctions.yahooapis.jp/AuctionWebService/V2/auctionItem?auctionID=v659283165,2084044778,Battery Grips,ニコン
222,222,2,【超美品】タムロン TAMRON SP AF 17-50mm F2.8 XR Di II VC 元箱付（B005NII）,2880.0,19800.0,,https://auctions.yahooapis.jp/AuctionWebService/V2/auctionItem?auctionID=p706479833,2084261684,Lens Hoods,ニコン
223,223,3,NIKON F3 ニコン 50mm NIKKORレンズ付き,2101.0,,,https://auctions.yahooapis.jp/AuctionWebService/V2/auctionItem?auctionID=h416078636,2084044778,Lens Hoods,ニコン
224,224,4,ニコンレンズ　AF-S NIKKOR 18-135mm 1:3.5-5.6 ED,4000.0,,,https://auctions.yahooapis.jp/AuctionWebService/V2/auctionItem?auctionID=v663311401,2084261684,Lenses,ニコン
225,225,5,名機　ニコン　D300　ボディー　電池、CFカード付き,10000.0,17000.0,,https://auctions.yahooapis.jp/AuctionWebService/V2/auctionItem?auctionID=m358378798,2084261636,Battery Grips,ニコン
226,226,6,"Nikon ニコン D7000 AF Nikkor 28-105mm F3.5-4.5D ショット数“6,796”枚 (47)",4500.0,,,https://auctions.yahooapis.jp/AuctionWebService/V2/auctionItem?auctionID=k409780957,2084261684,Lens Hoods,ニコン
227,227,7,【極美品】NIKON D810+24-85 VR セット デジタル一眼レフカメラ,180000.0,180000.0,,https://auctions.yahooapis.jp/AuctionWebService/V2/auctionItem?auctionID=s686175596,2084261636,Battery Grips,ニコン
228,228,8,★ドイツ製★希少なニコン用単焦点シフトレンズ Schneider KREUZACH PC-SUPER ANGULON 2.8/28,88000.0,,,https://auctions.yahooapis.jp/AuctionWebService/V2/auctionItem?auctionID=w332419102,2084261693,Lens Caps,ニコン
229,229,9,SIGMA (シグマ) Art 50mm F1.4 DG HSM（ニコンF用）,55000.0,57000.0,,https://auctions.yahooapis.jp/AuctionWebService/V2/auctionItem?auctionID=u298887475,2084261684,Lens Hoods,ニコン
230,230,10,AF-S NIKKOR 18-200mm 1:3.5-5.6 G ED VR,5000.0,,,https://auctions.yahooapis.jp/AuctionWebService/V2/auctionItem?auctionID=k410061955,2084261684,Lenses,ニコン
231,231,11,◆◇【1円出品♪】【ダブルレンズ♪】Nikon D100 + AF-S DX 18-70mm 1:3.5-4.5G IF-ED + AF NIKKOR 70-300mm 1:4-5.6G ◇◆,421.0,,,https://auctions.yahooapis.jp/AuctionWebService/V2/auctionItem?auctionID=f373008645,2084261636,Lenses,ニコン
232,232,12,ニコン F4S ボディ バッテリーパック MB-21 [2513814],5250.0,23800.0,,https://auctions.yahooapis.jp/AuctionWebService/V2/auctionItem?auctionID=k409393542,2084044785,Battery Grips,ニコン
233,233,13,NIKON ニコン COOLSHOT 40i レーザー距離器 ブラック系 [240001273380]【中古】ゴルフウェア,24656.0,,,https://auctions.yahooapis.jp/AuctionWebService/V2/auctionItem?auctionID=q311879963,25094,Digital Cameras,その他
234,234,14,NIKON ニコン LASER 550AS 距離計 オレンジ系 [240001281014]【中古】ゴルフウェア,13456.0,,,https://auctions.yahooapis.jp/AuctionWebService/V2/auctionItem?auctionID=o339790444,25094,Battery Grips,その他
235,235,15,新品純正COOLPIX S7000 S6900 S6800 S6600 S6500 S6400 S5200 S3500 S3300・S3100・S2900・S100・S33・S32等用バッテリーEN-EL19,1880.0,1880.0,,https://auctions.yahooapis.jp/AuctionWebService/V2/auctionItem?auctionID=f369117143,2084261636,Lens Caps,ニコン
236,236,16,★新品同様!!★ニコン NIKON D7500 ダブルレンズセット★新品と見間違ってしまう外観!!透き通る程クリアなファインダー!!付属品多数!!#743,1.0,139800.0,,https://auctions.yahooapis.jp/AuctionWebService/V2/auctionItem?auctionID=v663620105,2084261636,"Lens Adapters, Mounts & Tubes",ニコン
237,237,17,★新品同様!!★ニコン NIKON AF-S NIKKOR 14-24mm F2.8G ED★状態が良い商品をお探しの方に!! 透き通る程キレイな光学系!! #641,1.0,139800.0,,https://auctions.yahooapis.jp/AuctionWebService/V2/auctionItem?auctionID=d387798241,2084261684,"Lens Adapters, Mounts & Tubes",ニコン
238,238,18,"★即決★値下げ交渉あり★ニコン Nikon D5000 + EF-S NIKKOR18-55mm DX VR x 純正＆望遠 レンズ Set＜充電器,バッテリー2個＞＃3121",13800.0,13800.0,,https://auctions.yahooapis.jp/AuctionWebService/V2/auctionItem?auctionID=o342154486,2084261636,Lenses,ニコン
239,239,19,★極上美品!!★ニコン NIKON D750 ダブルレンズセット★標準・望遠セット!! 透き通るほどクリアなファインダー!! 非常にきれいな外観!!#704,50000.0,145800.0,,https://auctions.yahooapis.jp/AuctionWebService/V2/auctionItem?auctionID=f373131664,2084261636,"Lens Adapters, Mounts & Tubes",ニコン
240,240,0,★新品同様!!★ニコン NIKON D800 ダブルレンズセット★標準・望遠!!新品と見間違ってしまう外観!!透き通る程クリアなファインダー!!#782,1.0,114800.0,,https://auctions.yahooapis.jp/AuctionWebService/V2/auctionItem?auctionID=h421120362,2084261636,"Lens Adapters, Mounts & Tubes",ニコン
241,241,1,Nikon Coolpix P90 ニコン クールピクス 12.1メガピクセル.24倍ズーム.15コマ/秒連写 ジャンク,1731.0,,,https://auctions.yahooapis.jp/AuctionWebService/V2/auctionItem?auctionID=f372523221,2084261644,Lenses,ニコン
242,242,2,Nikon ニコン 人気の高級一眼レフカメラ FE2黒ボディ 希少な作動品 （腐食無し）,6805.0,25000.0,,https://auctions.yahooapis.jp/AuctionWebService/V2/auctionItem?auctionID=j591046567,2084044778,Digital Cameras,ニコン
243,243,3,★新品同様!!★ニコン NIKON D7100 標準&望遠ダブルレンズセット★ショット数たったの6097回!!新品と見間違う外観!!すぐに使えます!!#769A,1.0,71800.0,,https://auctions.yahooapis.jp/AuctionWebService/V2/auctionItem?auctionID=q314228470,2084261636,"Lens Adapters, Mounts & Tubes",ニコン
244,244,4,cmrk703-2688 ◆ Nikon ニコン UW-NIKKOR 15mm F2.8 15mm ファインダーセット ニコノス用レンズ,5250.0,,,https://auctions.yahooapis.jp/AuctionWebService/V2/auctionItem?auctionID=417896787,2084261693,Lens Hoods,ニコン
245,245,5,Nikon PC-NIKKOR 35mm f2.8 シフトレンズ 動作も写りもOKです。概ねキレイです。前後キャップ付きです。,5100.0,,,https://auctions.yahooapis.jp/AuctionWebService/V2/auctionItem?auctionID=u302141520,2084261693,Lens Caps,ニコン
246,246,6,☆Nikon W-NIKKOR 35mm 3.5cm F1.8 ニコン Sマウント S S2 S3 S4 SP 稀少品♪,65000.0,65800.0,,https://auctions.yahooapis.jp/AuctionWebService/V2/auctionItem?auctionID=413280111,2084261693,Film Cameras,ニコン
247,247,7,★即決★価格交渉あり★ニコン Nikon Ai Nikkor 24mm F2 広角単焦点レンズ★美品★＜フィルター、前キャップ＞＃a2837,21980.0,21980.0,,https://auctions.yahooapis.jp/AuctionWebService/V2/auctionItem?auctionID=f373021243,2084261693,Lens Caps,ニコン
248,248,8,Nikon F 接写リング K1 K2 K3 K4 K5、CLOSE UP クローズアップレンズ フィルター No.1 No.2、フォーカシンズスクリーン TYPE Pジャンク扱い,1.0,,,https://auctions.yahooapis.jp/AuctionWebService/V2/auctionItem?auctionID=s686788100,2084261693,Lens Caps,ニコン
249,249,9,Nikon Ai NIKKOR 50mm f2 動作も写りもOKです。概ねキレイです。前後キャップ、フィルターL37 52mm付きです。,1.0,,,https://auctions.yahooapis.jp/AuctionWebService/V2/auctionItem?auctionID=g373241841,2084261693,Lens Hoods,ニコン
250,250,10,Nikon Micro-NIKKOR-P Auto 55mm f3.5 動作も写りもOKです。概ねキレイです。後キャップ付きです。,1.0,,,https://auctions.yahooapis.jp/AuctionWebService/V2/auctionItem?auctionID=r348550003,2084261693,Lens Caps,ニコン
251,251,11,Nikon Ai NIKKOR 55mm f1.2 動作も写りもOKです。概ねクリア&概ねキレイです。前後キャップ付きです。,11.0,,,https://auctions.yahooapis.jp/AuctionWebService/V2/auctionItem?auctionID=n369644506,2084261693,Lenses,ニコン
252,252,12,Nikon NIKKOR-H AUTO 28mm f3.5 動作も写りもOKです。概ねキレイです。前キャップ付きです。,1.0,,,https://auctions.yahooapis.jp/AuctionWebService/V2/auctionItem?auctionID=p713181698,2084261693,Lens Caps,ニコン
253,253,13,Nikon ニコン専用 COSINA製 オートフォーカス 28-300mm 高級ズームレンズ 作動品,1100.0,,,https://auctions.yahooapis.jp/AuctionWebService/V2/auctionItem?auctionID=v658152334,2084261684,Lenses,ニコン
254,254,14,【ランクＡ】 ニコン Nikon AF NIKKOR 300mm F4 ED （#341）,25700.0,25700.0,,https://auctions.yahooapis.jp/AuctionWebService/V2/auctionItem?auctionID=414079469,2084261684,"Lens Adapters, Mounts & Tubes",ニコン
255,255,15,cmrk683-2630 ◆ Nikon ニコン NIKKOR-S.C Auto 5cm F1.4 単焦点 標準レンズ Sマウント,1701.0,19800.0,,https://auctions.yahooapis.jp/AuctionWebService/V2/auctionItem?auctionID=s685416051,2084204375,Lens Caps,ニコン
256,256,16,☆希少新品級 コシナ COSINA AF 100-400mm F4.5-6.7　Nikon 即日発送,19800.0,19800.0,,https://auctions.yahooapis.jp/AuctionWebService/V2/auctionItem?auctionID=f199472441,2084261684,Lenses,ニコン
257,257,17,☆希少超美品☆トキナーTokina AT-X PRO 28-80mm F2.8 Nikon　フード付　即日発送,23800.0,25800.0,,https://auctions.yahooapis.jp/AuctionWebService/V2/auctionItem?auctionID=d260441332,2084261684,Lens Hoods,ニコン
258,258,18,NIKON F用SIGMA 600mm F8 ミラーレンズ　美品です,9250.0,,,https://auctions.yahooapis.jp/AuctionWebService/V2/auctionItem?auctionID=v658447146,2084261693,Lens Hoods,ニコン
259,259,19,◆超極上美品◆ニコン Nikon D7000　ダブルレンズセット◆付属品多数！ガイド本付き！とても綺麗です。264,38800.0,40800.0,,https://auctions.yahooapis.jp/AuctionWebService/V2/auctionItem?auctionID=m358378187,2084261636,Lens Caps,ニコン
260,260,0,cmrk738-2826 ◆超美品 Nikon ニコン SPORTSTAR 8x25DCF 8.2° WF Binoculars 双眼鏡,1100.0,,,https://auctions.yahooapis.jp/AuctionWebService/V2/auctionItem?auctionID=c758837631,2084263451,Battery Grips,ニコン
261,261,1,■得々■Nikon＆HAKUBA/ニコン＆ハクバ/デジタル/一眼レフカメラ/レンズ(80～200mm)/アルミケース（カギ付き）/D90＆AS-S,12960.0,,,https://auctions.yahooapis.jp/AuctionWebService/V2/auctionItem?auctionID=j568170227,2084261636,"Cases, Bags & Covers",ニコン
262,262,2,★希少★極上美品★Nikon ニコン F フォトミック FTN 679万番台 シルバーボディ★元箱・新品レザーケース付き　A261,1.0,39800.0,,https://auctions.yahooapis.jp/AuctionWebService/V2/auctionItem?auctionID=o342443513,2084044778,"Cases, Bags & Covers",ニコン
263,263,3,NIKON NIKKOR 50mm F1.2 美品,16000.0,,,https://auctions.yahooapis.jp/AuctionWebService/V2/auctionItem?auctionID=k409849976,2084261693,Lens Hoods,ニコン
264,264,4,☆新品☆NIKON　ニコン 一眼レフカメラ F-401ボディ/動作品,5000.0,,,https://auctions.yahooapis.jp/AuctionWebService/V2/auctionItem?auctionID=h417603481,2084044785,Digital Cameras,ニコン
265,265,5,SIGMA ニコン用 50-200mm F4-5.6 DC OS HSM / DC HSM SONY用,6480.0,,,https://auctions.yahooapis.jp/AuctionWebService/V2/auctionItem?auctionID=f372651421,2084261686,Lens Hoods,ソニー、ミノルタ
266,266,6,NIKON F3 NIKKOR 28mm F3.5付き 美品,15500.0,,,https://auctions.yahooapis.jp/AuctionWebService/V2/auctionItem?auctionID=f372174422,2084044778,Lenses,ニコン
267,267,7,★美品★ Nikon AF NIKKOR 80-200mm F2.8 D ED ニコン レンズ キレイ,29800.0,,,https://auctions.yahooapis.jp/AuctionWebService/V2/auctionItem?auctionID=s685801662,2084261684,Lenses,ニコン
268,268,8,★極上美品★ニコン Nikon AF-S NIKKOR 70-300mm F4.5-5.6 G ED VR★レンズフード付き！美しい外観です！＃315,1.0,29800.0,,https://auctions.yahooapis.jp/AuctionWebService/V2/auctionItem?auctionID=b414967589,2084261684,Lens Hoods,ニコン
269,269,9,テレプラス　MC-4 ニコン用,500.0,,,https://auctions.yahooapis.jp/AuctionWebService/V2/auctionItem?auctionID=w337125157,2084261693,Battery Grips,ニコン
270,270,10,Nikon レンズ　まとめ　３本　35-105mm 35-135mm 80-200mm ズームレンズ　フィルムカメラ 用？,5000.0,,,https://auctions.yahooapis.jp/AuctionWebService/V2/auctionItem?auctionID=k409464962,2084261693,Film Cameras,ニコン
271,271,11,Nikon ニコン 生物顕微鏡 LABOPHOT スタンド ベース ジャンク,1000.0,,,https://auctions.yahooapis.jp/AuctionWebService/V2/auctionItem?auctionID=w336745199,2084045044,Battery Grips,顕微鏡
272,272,12,【極上品】【小型・軽量】 ニコン Nikon AF-S DX VR Zoom-Nikkor 55-200mm f4-5.6G IF-ED 【手ブレ補正】（19Se02K-YH）,2700.0,11000.0,,https://auctions.yahooapis.jp/AuctionWebService/V2/auctionItem?auctionID=s686680892,2084261684,Lenses,ニコン
273,273,13,◆初心者入門＆付属品多数◆ NIKON ニコン D80 純正＆超望遠Ｗズームレンズセット,10500.0,39800.0,,https://auctions.yahooapis.jp/AuctionWebService/V2/auctionItem?auctionID=j592203431,2084261636,Lenses,ニコン
274,274,14,g5995　Nikon　ニコン　スピードライト　SB-600　USED　動作OK,4800.0,,,https://auctions.yahooapis.jp/AuctionWebService/V2/auctionItem?auctionID=m356880181,2084261969,Battery Grips,ニコン用
275,275,15,g5996　Nikon　J1　30-110mm　レンズ・バッテリー・ストラップ付　USED　良品　動作OK,4500.0,,,https://auctions.yahooapis.jp/AuctionWebService/V2/auctionItem?auctionID=b414055548,2084261636,Lenses,ニコン
276,276,16,キャノン CANON NIKON PENTAX レンズ 19本まとめて ジャンク アンティーク 骨董,1100.0,,,https://auctions.yahooapis.jp/AuctionWebService/V2/auctionItem?auctionID=f372492913,2084261683,Lens Caps,キヤノン
277,277,17,ニコンNikon D70　ズームレンズセット　Tamron AF Aspherical XR 28-200mm 1:3.8-5.6 MACRO　フラッシュ訳あり品,3201.0,9800.0,,https://auctions.yahooapis.jp/AuctionWebService/V2/auctionItem?auctionID=c753937760,2084261636,Lenses,ニコン
278,278,18,【ecoま】ニコン NIKON FE ブラック no.3920807　フィルムカメラ,1.0,,,https://auctions.yahooapis.jp/AuctionWebService/V2/auctionItem?auctionID=u300179629,2084044778,Battery Grips,ニコン
279,279,19,Nikon ニコン 最高峰 人気のAF高級一眼レフカメラ F4 ボディ 希少・作動品 （腐食無し）,8750.0,,,https://auctions.yahooapis.jp/AuctionWebService/V2/auctionItem?auctionID=u301374045,2084044785,Digital Cameras,ニコン
280,280,0,【ecoま】ニコン NIKON Ai-s 50mm F1.2 no.308981 単焦点 マニュアルレンズ,1800.0,,,https://auctions.yahooapis.jp/AuctionWebService/V2/auctionItem?auctionID=j587698847,2084261693,Lens Hoods,ニコン
281,281,1,★ハローカメラ★ 4991 Panasonic LUMIX DMC-LX5 黒 (1010万画素 広角24mm) 動作品 液晶に難有り バッテリー・レンズキャップ付き,2526.0,13500.0,,https://auctions.yahooapis.jp/AuctionWebService/V2/auctionItem?auctionID=416026444,2084261649,Lens Caps,パナソニック
282,282,2,【3ヶ月保証！】 ニコン Nikon D3200 ボディ ブラック 【2416万画素】（19Se02K-IRG）,55.0,22000.0,,https://auctions.yahooapis.jp/AuctionWebService/V2/auctionItem?auctionID=l548547259,2084261636,Battery Grips,ニコン
283,283,3,"★新品同様!!★ニコン Nikon D800E ボディ★新品と見間違ってしまう外観!!透き通る程クリアなファインダー!!シャッター回数10,028回!!#784",1.0,109800.0,,https://auctions.yahooapis.jp/AuctionWebService/V2/auctionItem?auctionID=j591144701,2084261636,"Lens Adapters, Mounts & Tubes",ニコン
284,284,4,★極上美品!!★ニコン NIKON AF-S NIKKOR 24-70mm F2.8G ED★大三元レンズ!!非常にきれいな外観!!非常にクリアな光学系!!動作絶好調!!#657,1.0,89800.0,,https://auctions.yahooapis.jp/AuctionWebService/V2/auctionItem?auctionID=l547975693,2084261684,"Lens Adapters, Mounts & Tubes",ニコン
285,285,5,Nikon ニコン 純正 NIKKOR 35-80mm AF ズームレンズ 作動品,500.0,12000.0,,https://auctions.yahooapis.jp/AuctionWebService/V2/auctionItem?auctionID=r347332187,2084261684,Lenses,ニコン
286,286,6,★極上美品!!★ニコン NIKON D3S ボディ★非常にきれいな外観!! 視界良好クリアなファインダー!! 一連の動作も完璧!! #751,1.0,99800.0,,https://auctions.yahooapis.jp/AuctionWebService/V2/auctionItem?auctionID=m358178215,2084261636,"Lens Adapters, Mounts & Tubes",ニコン
287,287,7,【新品】【即納】【国内発送】Nikon ニコン NPS プロストラップ Nikon Professional Services カメラ プロフェッショナル ストラップ,14500.0,14500.0,,https://auctions.yahooapis.jp/AuctionWebService/V2/auctionItem?auctionID=f371039803,23760,Viewfinders & Eyecups,その他
288,288,8,Nikon ニコン 純正 NIKKOR 50mm MF 高級単焦点レンズ 1:1.4 作動品,560.0,,,https://auctions.yahooapis.jp/AuctionWebService/V2/auctionItem?auctionID=v662541653,2084261693,Lens Hoods,ニコン
289,289,9,ニコン AI Nikkor 15mm F/3.5S 超広角単焦点レンズ 難あり,13014.0,,,https://auctions.yahooapis.jp/AuctionWebService/V2/auctionItem?auctionID=417884663,2084261693,Lenses,ニコン
290,290,10,フイルム現像 CD入力　 新現像機 導入 さらに安心！☆高品質,200.0,200.0,,https://auctions.yahooapis.jp/AuctionWebService/V2/auctionItem?auctionID=s686836788,2084044785,Battery Grips,ニコン
291,291,11,ニコン　D5100,15000.0,15000.0,,https://auctions.yahooapis.jp/AuctionWebService/V2/auctionItem?auctionID=j590767934,2084261636,Battery Grips,ニコン
292,292,12,ニコン AI Nikkor 105mm F/1.8S 大口径中望遠レンズ 難あり,10584.0,,,https://auctions.yahooapis.jp/AuctionWebService/V2/auctionItem?auctionID=u301154340,2084261693,Lens Hoods,ニコン
293,293,13,〓超美級〓 ニコン Nikon NIKKOR-P 600mm F5.6　♪,23800.0,28800.0,,https://auctions.yahooapis.jp/AuctionWebService/V2/auctionItem?auctionID=s661699570,2084261693,Lenses,ニコン
294,294,14,〓AF不良〓 ★ ニコン Nikon Ai AF-S ED 28-70mm F2.8D ★,24800.0,27800.0,,https://auctions.yahooapis.jp/AuctionWebService/V2/auctionItem?auctionID=c758286870,2084261693,Lenses,ニコン
295,295,15,〓新品級〓 ニコン Nikon D7500 超望遠 Wレンズセット ★　ダブルレンズセット　♪,104800.0,108800.0,,https://auctions.yahooapis.jp/AuctionWebService/V2/auctionItem?auctionID=f369522781,2084261636,Lens Caps,ニコン
296,296,16,〓至高の名機〓 ★ ニコン Nikon F3 + Ai-s 28mm F2.8 ＆ モータードライブ付　★,24800.0,28800.0,,https://auctions.yahooapis.jp/AuctionWebService/V2/auctionItem?auctionID=o328170736,2084044778,Lenses,ニコン
297,297,17,〓極美級〓 ★ ニコン Nikon D610 超望遠 Wレンズセット ★ ダブルレンズセット ♪,77800.0,82800.0,,https://auctions.yahooapis.jp/AuctionWebService/V2/auctionItem?auctionID=w334326330,2084261636,Lens Caps,ニコン
298,298,18,〓極美級〓 ★ トキナー TOKINA AT-X 80-400mm F4.5-5.6D ニコン用 ★,23800.0,26800.0,,https://auctions.yahooapis.jp/AuctionWebService/V2/auctionItem?auctionID=g364600385,2084261684,Lenses,ニコン
299,299,19,純正新品！未使用！ニコン Li-ionリチャージャブルバッテリーEN-EL21 (EN-EL21 ),1700.0,1700.0,,https://auctions.yahooapis.jp/AuctionWebService/V2/auctionItem?auctionID=f339147136,2084261661,Battery Grips,ニコン
300,300,0,980円即決！新品完全互換！NIKON/ニコン』EN-EL3e 互換 バッテリー （EL3ec),980.0,980.0,,https://auctions.yahooapis.jp/AuctionWebService/V2/auctionItem?auctionID=h421198645,2084261672,Battery Grips,ニコン
301,301,1,ニコン AI Nikkor 50mm F/1.4S 単焦点レンズ 難あり,5378.0,,,https://auctions.yahooapis.jp/AuctionWebService/V2/auctionItem?auctionID=s685395609,2084261693,Lens Hoods,ニコン
302,302,2,１円～◆超美品！ Nikon ニコン COOLPIX P300 1220万画素 光学4.2倍ズーム◆,6966.0,,,https://auctions.yahooapis.jp/AuctionWebService/V2/auctionItem?auctionID=t671980874,2084261644,Digital Cameras,ニコン
303,303,3,【SAZAN】タムロン SP 150-600mm F/5-6.3 Di VC USD(美品)ニコンマウント★酒7,993.0,,,https://auctions.yahooapis.jp/AuctionWebService/V2/auctionItem?auctionID=418373469,2084261684,Lenses,ニコン
304,304,4,Nikon D5100 ボディ + レンズ 中古 ジャンク品,2401.0,,,https://auctions.yahooapis.jp/AuctionWebService/V2/auctionItem?auctionID=p712190719,2084261636,Battery Grips,ニコン
305,305,5,Nikon 一眼レフカメラシャッター作動、ジャンク扱い,1350.0,,,https://auctions.yahooapis.jp/AuctionWebService/V2/auctionItem?auctionID=r348380684,2084044778,Digital Cameras,ニコン
306,306,6,ＲＯＬＡＮ　ＰＲＯ　迷彩レンズコート（新品） Nikon AF-S 500mm F/4G ED VR用 [色の番号：#03],7500.0,13500.0,,https://auctions.yahooapis.jp/AuctionWebService/V2/auctionItem?auctionID=v658836430,2084261684,"Lens Adapters, Mounts & Tubes",ニコン
307,307,7,美品、ニコン、Nikon AF-S Zoom Nikkor 18-200mm f3.5-5.6 G IF-ED 純正フード HB35　Kenkoレンズプロテクター付,5500.0,16000.0,,https://auctions.yahooapis.jp/AuctionWebService/V2/auctionItem?auctionID=x645533172,2084261684,Lens Hoods,ニコン
308,308,8,【最落無し1円スタート】Nikon ニコン 35Ti 高級コンパクト 元箱、専用ポーチ、ストラップ、取説付き,1910.0,,,https://auctions.yahooapis.jp/AuctionWebService/V2/auctionItem?auctionID=j590760406,2084005100,Digital Cameras,コンパクトカメラ
309,309,9,NIKON ニコン FM10 35-70mm F3.5-4.8 レンズキット 元箱付　○1,3600.0,,,https://auctions.yahooapis.jp/AuctionWebService/V2/auctionItem?auctionID=d388234155,2084044778,Film Cameras,ニコン
310,310,10,★美品★Nikon ニコン Ai-S Nikkor 45mm F2.8P シルバー MF 純正メタルフード付 ワンオーナー,34800.0,,,https://auctions.yahooapis.jp/AuctionWebService/V2/auctionItem?auctionID=t669497442,2084261693,Lens Hoods,ニコン
311,311,11,★ジャンク★　ニコン NIKON REFLEX-NIKKOR・C 500ｍｍ F8,5000.0,,,https://auctions.yahooapis.jp/AuctionWebService/V2/auctionItem?auctionID=v659486891,2084261693,Lenses,ニコン
312,312,12,Nikon ニコン 昔の高級一眼レフカメラ F2専用 フォトミックファインダーA （DP-11） 綺麗 ・希少品,3600.0,,,https://auctions.yahooapis.jp/AuctionWebService/V2/auctionItem?auctionID=f372265444,2084044778,Viewfinders & Eyecups,ニコン
313,313,13,Nikon ニコン 昔の高級一眼レフカメラ F専用カメラケース　希少品,500.0,,,https://auctions.yahooapis.jp/AuctionWebService/V2/auctionItem?auctionID=t672158298,2084044778,"Cases, Bags & Covers",ニコン
314,314,14,【新品】【送料無料】1　NIKKOR 18.5mm f/1.8 保証書付き　nikon 1用,10000.0,,,https://auctions.yahooapis.jp/AuctionWebService/V2/auctionItem?auctionID=k410690160,2084261684,Viewfinders & Eyecups,ニコン
315,315,15,【新品】ニコン クールショットプロ スタビライズド（手ブレ補正機能搭載モデル,42000.0,,,https://auctions.yahooapis.jp/AuctionWebService/V2/auctionItem?auctionID=f352011978,2084063253,Digital Cameras,スコープ
316,316,16,★ニコン Nikon F アイレベル ボディ 2台 + 135mm F3.5 レンズ,15001.0,,,https://auctions.yahooapis.jp/AuctionWebService/V2/auctionItem?auctionID=g371660627,2084044778,Lenses,ニコン
317,317,17,■極上美品■　ニコン NIKON REFLEX-NIKKOR・C 500ｍｍ F8,10000.0,,,https://auctions.yahooapis.jp/AuctionWebService/V2/auctionItem?auctionID=n369178337,2084261693,Lenses,ニコン
318,318,18,ニコンＦＥ２実用品。おまけレンズ２本付き。これからフィルムカメラを初めて見ようという方にも。,8900.0,,,https://auctions.yahooapis.jp/AuctionWebService/V2/auctionItem?auctionID=h421331859,2084044778,Battery Grips,ニコン
319,319,19,1円～ 美品 防湿庫保管品 シャッターOK Nikon ニコン 35Ti NIKKOR 35mm F2.8 単焦点 コンパクトカメラ,30000.0,,,https://auctions.yahooapis.jp/AuctionWebService/V2/auctionItem?auctionID=q313960201,2084044778,Film Cameras,ニコン
320,320,0,ニコン　デジタル１眼レフ　Ｄ６０　中古品,8250.0,,,https://auctions.yahooapis.jp/AuctionWebService/V2/auctionItem?auctionID=g372506153,2084261636,Digital Cameras,ニコン
321,321,1,Nikon ニコン 純正 NIKKOR-S 35mm 単焦点ワイドレンズ 1:2.8 希少な作動品,2600.0,,,https://auctions.yahooapis.jp/AuctionWebService/V2/auctionItem?auctionID=e379937706,2084261693,Lenses,ニコン
322,322,2,"◆豪華セット◆美品 ニコン Nikon F アイレベル ブラック + レンズ 50mm f:1.4 + AR-11,ハーフケース 動作品 #4162",8251.0,39800.0,,https://auctions.yahooapis.jp/AuctionWebService/V2/auctionItem?auctionID=l521320432,2084204375,"Lens Adapters, Mounts & Tubes",ニコン
323,323,3,★　Ｎikon　人気のスコープ４１０・　Travel セット未使用品　★,6000.0,,,https://auctions.yahooapis.jp/AuctionWebService/V2/auctionItem?auctionID=e379776121,2084203034,"Cases, Bags & Covers",ヘラブナ竿
324,324,4,★ニコン Nikon ED AF NIKKOR 300mm F4 C-PLフィルター付★,18000.0,,,https://auctions.yahooapis.jp/AuctionWebService/V2/auctionItem?auctionID=l547787620,2084261684,Lenses,ニコン
325,325,5,NIkon F5用　フォーカシングスクリーン　Eタイプ,3500.0,,,https://auctions.yahooapis.jp/AuctionWebService/V2/auctionItem?auctionID=x646595785,2084044785,Battery Grips,ニコン
326,326,6,nikon　ノンプリズムトータルステーション　NIVO　5.SC　校正済,355000.0,,,https://auctions.yahooapis.jp/AuctionWebService/V2/auctionItem?auctionID=e374490697,2084211050,Viewfinders & Eyecups,測量、角度計
327,327,7,ニコン モータードライブ MD-11　ジャンク(^41SIA,1080.0,,,https://auctions.yahooapis.jp/AuctionWebService/V2/auctionItem?auctionID=x645964217,23760,Battery Grips,その他
328,328,8,Nikon COOLPIX P7800,2100.0,,,https://auctions.yahooapis.jp/AuctionWebService/V2/auctionItem?auctionID=j591170327,2084261644,Battery Grips,ニコン
329,329,9,NIKON ニコン COOLPIX B700,1.0,30000.0,,https://auctions.yahooapis.jp/AuctionWebService/V2/auctionItem?auctionID=417651988,2084261644,Battery Grips,ニコン
330,330,10,Nikon ニコン 昔の高級一眼レフカメラ F専用アイレベルファインダー 綺麗・希少品,4300.0,,,https://auctions.yahooapis.jp/AuctionWebService/V2/auctionItem?auctionID=s685503657,2084044778,Viewfinders & Eyecups,ニコン
331,331,11,★超希少広角★Nikon ニコン W-NIKKOR 2.8cm f3.5 ファインダー付き 2247,1.0,,,https://auctions.yahooapis.jp/AuctionWebService/V2/auctionItem?auctionID=m357755545,2084204375,Viewfinders & Eyecups,ニコン
332,332,12,一眼レフ/コンパクトカメラ.レンズ等 いろいろ大量セット Canon/Nikon/ミノルタ/オリンパス/yashica/KYOCERA,520.0,,,https://auctions.yahooapis.jp/AuctionWebService/V2/auctionItem?auctionID=417856213,23660,Digital Cameras,その他
333,333,13,"ニコンFA,FE2,newFM2用フォーカシングスクリーン　Ｋ２（スプリットマイクロ）元箱、取説付き良品！",500.0,,,https://auctions.yahooapis.jp/AuctionWebService/V2/auctionItem?auctionID=j590823333,2084044778,Battery Grips,ニコン
334,334,14,ニコン　フォーカシングスクリーンＰ型　F4・F4s用（斜めスプリットスクリーン）(^41SHA,2160.0,,,https://auctions.yahooapis.jp/AuctionWebService/V2/auctionItem?auctionID=f372144510,23760,Viewfinders & Eyecups,その他
335,335,15,Nikon ニコン純正 NIKKOR-Q 200mm 高級単焦点望遠レンズ 1:4 希少・綺麗な作動品,510.0,,,https://auctions.yahooapis.jp/AuctionWebService/V2/auctionItem?auctionID=d386046114,2084261693,Lens Caps,ニコン
336,336,16,●TAMRON AFレンズ AF 28-75mm F/2.8 MACRO XR Di SP タムロン Nikonマウント オートフォーカス 通電OK 中古 93N3174,1080.0,,,https://auctions.yahooapis.jp/AuctionWebService/V2/auctionItem?auctionID=f373036242,2084261684,Lenses,ニコン
337,337,17,■Nikon■**F3用 ハイアポイントファインダー　DE-3/共箱他付**459,1000.0,,,https://auctions.yahooapis.jp/AuctionWebService/V2/auctionItem?auctionID=n369489668,23760,Battery Grips,その他
338,338,18,Nikon ニコン 専用 100-300mm オートフォーカス望遠ズームレンズ 綺麗な完動品,500.0,15000.0,,https://auctions.yahooapis.jp/AuctionWebService/V2/auctionItem?auctionID=f372286260,2084261684,Lenses,ニコン
339,339,19,Nikon ニコン 純正 NIKKOR 28mm AF 高級単焦点ワイドレンズ 1:2.8 綺麗な完動品,5000.0,,,https://auctions.yahooapis.jp/AuctionWebService/V2/auctionItem?auctionID=f372129653,2084261684,Lenses,ニコン
340,340,0,Nikon ニコン 高級一眼レフカメラ F2黒ボディ +フォトミックファインダーDP-1付 作動品 （腐食無し）,9805.0,30000.0,,https://auctions.yahooapis.jp/AuctionWebService/V2/auctionItem?auctionID=e379560329,2084044778,Digital Cameras,ニコン
341,341,1,馬仲y708 ニコン 電子セオドライト デジタルセオドライト『NE-20SC』倍率26X・有効径36mm・最短1.0m★ハードケース付き,1944.0,,,https://auctions.yahooapis.jp/AuctionWebService/V2/auctionItem?auctionID=m358224726,2084211050,Lenses,測量、角度計
342,342,2,Nikon ニコン ミラーレス1眼 Nikon1 J2 ホワイト,1.0,10000.0,,https://auctions.yahooapis.jp/AuctionWebService/V2/auctionItem?auctionID=419379007,2084305445,Digital Cameras,ニコン
343,343,3,極美中古品 ニコン Nikon COOLPIX A900 黒 光学35倍ズーム Wi-Fi Bluetooth対応,19500.0,,,https://auctions.yahooapis.jp/AuctionWebService/V2/auctionItem?auctionID=t672343122,2084261644,Film Cameras,ニコン
344,344,4,なんと約9割引も！検索 トプコン ソキア TOPCON トータルステーション グッピー GPT-9005AC 103AC Is-305 ps-105 自動追尾 ニコン 校正済,40000.0,60000.0,,https://auctions.yahooapis.jp/AuctionWebService/V2/auctionItem?auctionID=b415583387,2084211051,Battery Grips,光学測定器
345,345,5,ニコン AI Nikkor 35mm f/1.4S 単焦点レンズ 難あり,10584.0,,,https://auctions.yahooapis.jp/AuctionWebService/V2/auctionItem?auctionID=s685636033,2084261693,Lenses,ニコン
346,346,6,ニコン AI Nikkor 18mm F/3.5S 超広角単焦点レンズ 難あり,10584.0,,,https://auctions.yahooapis.jp/AuctionWebService/V2/auctionItem?auctionID=r347701803,2084261693,Lenses,ニコン
347,347,7,★ハローカメラ★ 5005 Nikon COOLPIX S9300 ブラック (1602万画素 光学18倍ZOOM ISO3200) 動作品 初期化済み バッテリー付き 1円スタート,3672.0,8100.0,,https://auctions.yahooapis.jp/AuctionWebService/V2/auctionItem?auctionID=x645963825,2084261644,Battery Grips,ニコン
348,348,8,ニコン AI Nikkor 28mm F/2S 単焦点レンズ 難あり,10854.0,,,https://auctions.yahooapis.jp/AuctionWebService/V2/auctionItem?auctionID=k409665395,2084261693,Lenses,ニコン
349,349,9,Ｎｉｋｏｎ　ＳＢ－１５,1.0,,,https://auctions.yahooapis.jp/AuctionWebService/V2/auctionItem?auctionID=t672328838,2084261969,Battery Grips,ニコン用
350,350,10,美品・未使用：ニコンS3 2000年記念モデル Nikon　限定復刻版,3100.0,,,https://auctions.yahooapis.jp/AuctionWebService/V2/auctionItem?auctionID=f367801164,2084204375,Battery Grips,ニコン
351,351,11,【シャッターOK】 Nikon L35AD コンパクトフィルムカメラ,9500.0,9500.0,,https://auctions.yahooapis.jp/AuctionWebService/V2/auctionItem?auctionID=q306790681,2084005100,Battery Grips,コンパクトカメラ
352,352,12,KS54 1円～ ジャンクカメラ 大量 まとめセット Nikon OLYMPUS Konica Canon MINOLTA PENTAX その他 など 【ジャンク】,20500.0,,,https://auctions.yahooapis.jp/AuctionWebService/V2/auctionItem?auctionID=j591674980,23660,Digital Cameras,その他
353,353,13,R091613 Nikon デジタル一眼レフカメラ D90 ボディ 通電動作未確認 ジャンク扱い,120.0,,,https://auctions.yahooapis.jp/AuctionWebService/V2/auctionItem?auctionID=s686557215,2084261636,Digital Cameras,ニコン
354,354,14,Nikon モータードライブMD-4 レアなコマ速変換機MK-1付,11000.0,15000.0,,https://auctions.yahooapis.jp/AuctionWebService/V2/auctionItem?auctionID=o342080034,2084044778,Flashes,ニコン
355,355,15,Nikon TTLガンカプラーAS-17 レア,1000.0,,,https://auctions.yahooapis.jp/AuctionWebService/V2/auctionItem?auctionID=x641248914,2084261969,Battery Grips,ニコン用
356,356,16,６ウ289　Nikon COOLPIX P610 コンパクト デジタル ニコン カメラ　充電コード・電池・メモリーカード16GB付き,1100.0,,,https://auctions.yahooapis.jp/AuctionWebService/V2/auctionItem?auctionID=o342024794,2084261644,Digital Cameras,ニコン
357,357,17,★ハローカメラ★ 4314 Nikon BELIOWS FOCUSING ATTACH MENT PB-4 ベローズ(全長19ｃｍ 幅5ｃｍ ) 箱有り、動作品 美品,19440.0,19440.0,,https://auctions.yahooapis.jp/AuctionWebService/V2/auctionItem?auctionID=s686321128,2084261693,Digital Cameras,ニコン
358,358,18,★送料一律★Nikon☆ニコン 35Ti コンパクトフィルムカメラ シャッターOK ソフトケース付き 中古現状品 91N349,1080.0,,,https://auctions.yahooapis.jp/AuctionWebService/V2/auctionItem?auctionID=w337078359,2084005100,Film Cameras,コンパクトカメラ
359,359,19,★送料一律★Nikon☆ニコン カメラアクセサリー MB-D10 DR-6 MC-30 グリップ ファインダーなど D300用？ 中古現状品 81H8335,1080.0,,,https://auctions.yahooapis.jp/AuctionWebService/V2/auctionItem?auctionID=m358361435,23760,Viewfinders & Eyecups,その他
360,360,0,★送料一律★TAMRON☆タムロン カメラレンズ SP AF ASPHERICAL Di LD 17-35mm 1:2.8-4 Nikonマウント 中古現状品 91N3163,1080.0,,,https://auctions.yahooapis.jp/AuctionWebService/V2/auctionItem?auctionID=r348627111,2084261684,Film Cameras,ニコン
361,361,1,★送料一律★Nikon☆ニコン F3 一眼レフフィルムカメラ ボディ モータードライブ:MD-4 シャッターOK 中古現状品 91C4179,1080.0,,,https://auctions.yahooapis.jp/AuctionWebService/V2/auctionItem?auctionID=n369554231,2084044778,Film Cameras,ニコン
362,362,2,★送料一律★NIKON★ニコン Fシリーズ ファインダー アクセサリー カメラ用品 中古品 91C4197,1080.0,,,https://auctions.yahooapis.jp/AuctionWebService/V2/auctionItem?auctionID=f373347096,23760,Viewfinders & Eyecups,その他
363,363,3,■■Nikon F3/T HP チタン 一眼レフカメラ レンズ:Zoom-NIKKOR 28～85mm 1:3.5～4.5 マニュアル ニコン 中古現状品 92F7197,1080.0,,,https://auctions.yahooapis.jp/AuctionWebService/V2/auctionItem?auctionID=r348615171,2084044778,Film Cameras,ニコン
364,364,4,★送料一律★Nikon☆ニコン カメラレンズ AF-S NIKKOR 24-85mm 1:3.5-4.5G ズームレンズ AFレンズ 中古現状品 91N3162,1080.0,,,https://auctions.yahooapis.jp/AuctionWebService/V2/auctionItem?auctionID=x646159103,2084261684,Lenses,ニコン
365,365,5,■■Nikon F3/T HP チタン 一眼レフカメラ レンズ:Zoom-NIKKOR 28～85mm 1:3.5～4.5 マニュアル ニコン 中古現状品 92F7196,1080.0,,,https://auctions.yahooapis.jp/AuctionWebService/V2/auctionItem?auctionID=q314542873,2084044778,Film Cameras,ニコン
366,366,6,【現状販売品】 Nikon ニコン デジカメ COOLPIX S3100 ＆ S8000 ※バッテリー無し,1080.0,,,https://auctions.yahooapis.jp/AuctionWebService/V2/auctionItem?auctionID=q314638798,2084261644,Battery Grips,ニコン
367,367,7,★送料一律★Nikon ニコン GN Auto NIKKOR・C 1:2.8 f=45mm ニッコール 単焦点レンズ パンケーキレンズ 中古現状品 91C4183-A,1080.0,,,https://auctions.yahooapis.jp/AuctionWebService/V2/auctionItem?auctionID=r348721334,2084044778,Lenses,ニコン
368,368,8,ニコン Nikon NIKKOR 50mm F1.4 Ai 単焦点レンズ 美品,4150.0,,,https://auctions.yahooapis.jp/AuctionWebService/V2/auctionItem?auctionID=x645328904,2084261693,Lens Hoods,ニコン
369,369,9,防水 タフカメラ Nikon COOLPIX W300 中古美品,20300.0,,,https://auctions.yahooapis.jp/AuctionWebService/V2/auctionItem?auctionID=d387618437,2084261644,Battery Grips,ニコン
370,370,10,NIKON AF-S NIKKOR 85mm f/1.8G,37000.0,37000.0,,https://auctions.yahooapis.jp/AuctionWebService/V2/auctionItem?auctionID=d378863417,2084261684,Lens Hoods,ニコン
371,371,11,NIKON D200 +28-105mm+75-300mm +バッテリーグリップ　　まあまあ健全,2100.0,,,https://auctions.yahooapis.jp/AuctionWebService/V2/auctionItem?auctionID=g371930972,2084261636,Lens Hoods,ニコン
372,372,12,NIKON D70+万能tamron　XR DiⅡ　18-200ｍｍ　+シグマAPOmacro　70-300,1000.0,9700.0,,https://auctions.yahooapis.jp/AuctionWebService/V2/auctionItem?auctionID=g372461835,2084261636,Lenses,ニコン
373,373,13,美品◆Nikon D3400 ブラック ボディ◆予備バッテリー付き,15000.0,,,https://auctions.yahooapis.jp/AuctionWebService/V2/auctionItem?auctionID=k410322506,2084261636,Digital Cameras,ニコン
374,374,14,美品！ニコン 50mm f1.8【フィルター付属】special edition,10020.0,20000.0,,https://auctions.yahooapis.jp/AuctionWebService/V2/auctionItem?auctionID=d386929990,2084261684,Lens Hoods,ニコン
375,375,15,【良品】AF-S NIKKOR 24-70mm f/2.8G ED,32500.0,82000.0,,https://auctions.yahooapis.jp/AuctionWebService/V2/auctionItem?auctionID=c759323399,2084261684,Lens Hoods,ニコン
376,376,16,送料無料　清原光学 KIYOHARA KOGAKU KOPTIC VK70R 　Nikonマウント　コンタックス（Y/C）マウント　セット,8000.0,,,https://auctions.yahooapis.jp/AuctionWebService/V2/auctionItem?auctionID=q312265362,2084261693,Flashes,ニコン
377,377,17,新品純正Nikon COOLPIX P900 / COOLPIX P610 / COOLPIX P600 用バッテリーEN-EL23,2980.0,2980.0,,https://auctions.yahooapis.jp/AuctionWebService/V2/auctionItem?auctionID=o341837460,2084261636,Battery Grips,ニコン
378,378,18,NIKON COOLSHOT 20GⅡ ニコン　クールショット,9950.0,17000.0,,https://auctions.yahooapis.jp/AuctionWebService/V2/auctionItem?auctionID=d387874495,2084063253,Battery Grips,スコープ
379,379,19,【訳あり格安】これは名機だわ！NIKON D90　+AFnikkor35-70㎜（3.3-4.5）　+TAMURON　DiⅡ　18-270ｍｍ（3.5-6.3）,1000.0,,,https://auctions.yahooapis.jp/AuctionWebService/V2/auctionItem?auctionID=e380599369,2084261636,Film Cameras,ニコン
380,380,0,純正新品！未使用！ニコン Li-ionリチャージャブルバッテリーEN-EL20(EN-EL20 ),1980.0,1980.0,,https://auctions.yahooapis.jp/AuctionWebService/V2/auctionItem?auctionID=u301727996,2084261672,Battery Grips,ニコン
381,381,1,Nikon デジタルカメラ COOLPIX S9300 /ニコン/デジカメ/9-152,1080.0,,,https://auctions.yahooapis.jp/AuctionWebService/V2/auctionItem?auctionID=n369378255,2084261644,Battery Grips,ニコン
382,382,2,ジャンク ニコン キヤノン ペンタックス オリンパス ミノルタ他 MFフィルム一眼 レンジファインダ-等 25台 まとめ まとめて 大量SET #3122,1400.0,,,https://auctions.yahooapis.jp/AuctionWebService/V2/auctionItem?auctionID=s686088270,2084044778,"Lens Adapters, Mounts & Tubes",ニコン
383,383,3,MVOTH101　ジェームス・ディーン写真展葉書 ニコン NIKON S2 1957年 銀座松坂屋,2000.0,,,https://auctions.yahooapis.jp/AuctionWebService/V2/auctionItem?auctionID=e381562536,22148,Battery Grips,その他
384,384,4,SIGMAシグマ 30mmF1.4 DC HSM Art ニコン用 APS-C 単焦点レンズ プロテクター付き,25000.0,30000.0,,https://auctions.yahooapis.jp/AuctionWebService/V2/auctionItem?auctionID=q314225385,2084261684,Lens Caps,ニコン
385,385,5,☆ニコン　Nikon Ｆ２　ボディ,1000.0,,,https://auctions.yahooapis.jp/AuctionWebService/V2/auctionItem?auctionID=k410215318,2084044778,Digital Cameras,ニコン
386,386,6,☆（レンズ）　ニコン　Nikkor-S.C AUTO　５５ｍｍ　１：１．２,2200.0,,,https://auctions.yahooapis.jp/AuctionWebService/V2/auctionItem?auctionID=c771812690,2084261693,Lenses,ニコン
387,387,7,★ハローカメラ★ 5042 Nikon COOLPIX P90 光学24倍ズーム【 1210万画素 】バッテリーなし/ ニコンデジカメ 撮影/再生OK 動作品,2657.0,,,https://auctions.yahooapis.jp/AuctionWebService/V2/auctionItem?auctionID=m358372038,2084261644,Digital Cameras,ニコン
388,388,8,ニコンＦ、完動美品・ニッコール35～200ｍｍ・1：3.5～4.5付き,10000.0,25000.0,,https://auctions.yahooapis.jp/AuctionWebService/V2/auctionItem?auctionID=c758796829,2084044778,Film Cameras,ニコン
389,389,9,☆☆☆ ニコン AI AF-S 17-35mm F/2.8D ☆☆☆,17000.0,,,https://auctions.yahooapis.jp/AuctionWebService/V2/auctionItem?auctionID=d388206747,2084261684,Film Cameras,ニコン
390,390,10,ニコンＦ2フォトミックＡ、完動美品　ニッコールＥシリーズ36～７２ｍｍ・1：3.5付き,13000.0,30000.0,,https://auctions.yahooapis.jp/AuctionWebService/V2/auctionItem?auctionID=c772071534,2084044778,Lens Hoods,ニコン
391,391,11,NIKON ニコン　D850ボディ　美品！,260000.0,,,https://auctions.yahooapis.jp/AuctionWebService/V2/auctionItem?auctionID=q314607916,2084261636,Digital Cameras,ニコン
392,392,12,Nikon ニコン 専用 28-105mm AF 高級ズームレンズ 希少・作動品,500.0,10000.0,,https://auctions.yahooapis.jp/AuctionWebService/V2/auctionItem?auctionID=q314237886,2084261684,Lenses,ニコン
393,393,13,Nikon ニコン 純正 NIKKOR 50mm 高級単焦点レンズ 1:2 綺麗な作動品,520.0,,,https://auctions.yahooapis.jp/AuctionWebService/V2/auctionItem?auctionID=c758663572,2084261693,Lens Hoods,ニコン
394,394,14,AF NIKKOR 85mm 1:1.8 New w/HN-23 HOOD,1.0,,,https://auctions.yahooapis.jp/AuctionWebService/V2/auctionItem?auctionID=w336945051,2084261684,Lenses,ニコン
395,395,15,Nikon ニコン 最高峰 人気の高級一眼レフカメラ F3ボディ + ウエストレベルファインダー付 作動品 （腐食無し）,6770.0,,,https://auctions.yahooapis.jp/AuctionWebService/V2/auctionItem?auctionID=c759106387,2084044778,Viewfinders & Eyecups,ニコン
396,396,16,【1スタ 最落無し】ニコン L35 AF 、 AD2 、ペンタックス Super A 、オリンパス 35 DC 、mju Zoom カメラ レンズ 大量セット まとめ,1.0,,,https://auctions.yahooapis.jp/AuctionWebService/V2/auctionItem?auctionID=f372903895,2084005100,Film Cameras,コンパクトカメラ
397,397,17,Nikon ニコン Nikomat 昔の一眼レフカメラ FT-N 黒ボディ 希少な作動品 （腐食無し）,510.0,,,https://auctions.yahooapis.jp/AuctionWebService/V2/auctionItem?auctionID=c758663564,2084044778,Digital Cameras,ニコン
398,398,18,【1スタ 最落無し】ニコン F4 D70 ２台セット F801 など ボディ セット MD-12 モータードライブ 説明書など大量おまけ付き,1.0,,,https://auctions.yahooapis.jp/AuctionWebService/V2/auctionItem?auctionID=d388109876,2084261692,"Cases, Bags & Covers",キヤノン
399,399,19,美品 Nikon ニコン AF DC-NIKKOR 135ｍｍ F2 レンズ フード 動作確認済,60000.0,,,https://auctions.yahooapis.jp/AuctionWebService/V2/auctionItem?auctionID=p702932572,2084261684,Lens Hoods,ニコン
