,itemName,itemPrice,shopName,itemUrl,genreId
0,【9月15日 店内全品エントリーで10倍!最大36倍】 ダイワ　DR−36008　レインマックス　レインスーツ,9504,釣具のキャスティング　楽天市場店,https://item.rakuten.co.jp/casting/00496065217918302-02/,111969
1,【9月15日 店内全品エントリーで10倍!最大36倍】 ダイワ　DR−36008　レインマックス　レインスーツ,8100,釣具のキャスティング　楽天市場店,https://item.rakuten.co.jp/casting/00496065217918301-01/,111969
2,ダイワ(Daiwa) 19キャタリナ 15H 右巻き 00630050,29290,ナチュラム 楽天市場支店,https://item.rakuten.co.jp/naturum/2948096/,201912
3,ダイワ ボールと車のつり橋付きスロープ〜動きと音が楽しいボールと車の木製スロープトイ！1歳頃からおすすめの吊橋ミニコースターです。,5400,木のおもちゃ ユーロバス,https://item.rakuten.co.jp/eurobus/3924891/,201598
4,【9月15日増税前のBIG SALE&エントリーで最大P36倍！】ダイワ マッドバイパー 落とし込み MHH−243SMT【大型商品】,78624,釣具のポイント 楽天市場店,https://item.rakuten.co.jp/point/4960652030090/,201899
5,ダイワ DAIWA 17 ワールドスピン 1500 032667,2190,eSPORTS楽天支店,https://item.rakuten.co.jp/esports/9290030090004/,201912
6,ダイワ(Daiwa) DN-4387 ポリカーボネイト偏光グラス グレーフラッシュシルバーミラー 08390022,4536,ナチュラム 楽天市場支店,https://item.rakuten.co.jp/naturum/2865699/,208116
7,【送料無料】ダイワ　ジリオン TW 1012SHL-SLPW (左ハンドル) SLPワークス限定モデル 【まとめ送料割】,40014,釣具のバスメイトインフィニティ,https://item.rakuten.co.jp/bass-infinity/19262607/,201912
8,ダイワ(Daiwa) DE-7906 半袖ポロシャツ M ガンメタル×ブラック 08330722,3758,ナチュラム 楽天市場支店,https://item.rakuten.co.jp/naturum/2894095/,111969
9,【ダイワ】16 スティーズSV TW　1016SV-SHL　（左ハンドル仕様）ダイワ　ベイトリール ダイワ 釣り フィッシング 釣具 釣り用品,53978,フィッシングマックス楽天市場店,https://item.rakuten.co.jp/fishingmax-webshop/4960652057448/,201912
10,【メール便可】ダイワ　T.D.バイブレーション 74S-W　ウーファーサウンドモデル,967,米源釣具店　楽天市場店,https://item.rakuten.co.jp/komegen/10022867/,204309
11,ダイワ(Daiwa) DF-2207 ウォッシャブルライフジャケット(ウエストタイプ手動・自動膨脹式) フリー グリーンカモ 04595382,17190,ナチュラム 楽天市場支店,https://item.rakuten.co.jp/naturum/2848010/,407930
12,ダイワ(Daiwa) DE-81009 BOXロゴ ショートススリーブTシャツ M ホワイト 08331659,3100,ナチュラム 楽天市場支店,https://item.rakuten.co.jp/naturum/2961638/,111969
13,ダイワ(Daiwa) DE-37009 フーディーロングスリーブ ゲームシャツ 2XL ブラック 08331882,6000,ナチュラム 楽天市場支店,https://item.rakuten.co.jp/naturum/2961657/,111969
14,【オフショアキャスティング入門セット】●メジャークラフト　クロステージ　CRXC-86TUNA 1ピース (スピニング)＋ダイワ　16 BG 5000H,30893,釣具のバスメイトインフィニティ,https://item.rakuten.co.jp/bass-infinity/18759715/,201899
15,ダイワ/DAIWA 鮃狂 フラットジャンキー ロデム 18g ヒラメチャートゴールド / ヒラメ ワーム 【ラッキーシール対応】,955,釣具のフイッシュランド楽天市場店,https://item.rakuten.co.jp/fishland/4960652225946/,208098
16,ダイワ/DAIWA ベーシックメッシュキャップ DC-62009 全6色 S フリー キング /釣り 帽子 春夏,2970,釣具のフイッシュランド楽天市場店,https://item.rakuten.co.jp/fishland/4960652304207/,208104
17,【9月15日 店内全品エントリーで10倍!最大36倍】 ダイワ 19 レグザ LT3000S-CXH,15498,釣具のキャスティング　楽天市場店,https://item.rakuten.co.jp/casting/4960652312646/,201912
18,ダイワ(Daiwa)　レガリス LT2500S-XH (ダイワ(Daiwa)　スピニングリール),7938,釣具のFTO,https://item.rakuten.co.jp/fto-r/4960652141314/,201912
19,【9月15日増税前のBIG SALE&エントリーで最大P36倍！】【現品限り】ダイワ ストレッチハイブリッドジャケット DJ-35008 M フェザーグレー,8316,釣具のポイント 楽天市場店,https://item.rakuten.co.jp/point/4960652157421/,201921
20,ダイワ(Daiwa) WPデイパック 15(C) ブラック 04712085,12247,ナチュラム 楽天市場支店,https://item.rakuten.co.jp/naturum/2555020/,565843
21,ダイワ(Daiwa) スティーズ SC 6111M/MHRB ファイアウルフ 01402658 【大型商品】,49815,ナチュラム 楽天市場支店,https://item.rakuten.co.jp/naturum/2798095/,201899
22,【9月15日 店内全品エントリーで10倍!最大36倍】 ダイワ 18カルディア LT 1000S−P （スピニング）,19094,釣具のキャスティング　楽天市場店,https://item.rakuten.co.jp/casting/4960652246972/,201912
23,ダイワ(Daiwa)　バザーズワームシンカーTG ネイルタイプ(PRO)　1/64oz（約4.5g）,821,釣具のFTO,https://item.rakuten.co.jp/fto-r/4960652830294/,112908
24,【9月15日増税前のBIG SALE&エントリーで最大P36倍！】ダイワ アクティブフルジップパーカ DE-36009 M ブラック,9504,釣具のポイント 楽天市場店,https://item.rakuten.co.jp/point/4960652298377/,111969
25,【PE0.8号(120m)糸付き】【アジング入門セット】●メジャークラフト　ソルパラ SPX-S642AJI アジング＋ダイワ　スポーツライン SPORTLINE CC V-MAX 2508PE,10719,釣具のバスメイトインフィニティ,https://item.rakuten.co.jp/bass-infinity/18760060/,201899
26,ダイワ(Daiwa) DE-7906 半袖ポロシャツ XL レッド×ブラック 08330719,4302,ナチュラム 楽天市場支店,https://item.rakuten.co.jp/naturum/2894092/,111969
27,ダイワ(Daiwa) 17ワールドスピン 4000 00050420,3280,ナチュラム 楽天市場支店,https://item.rakuten.co.jp/naturum/2846362/,201912
28,ダイワ ミニキッチンシリーズ ミニキッチンセット〜卓上サイズのコンパクトな木製おままごとキッチンセット。レンジにコンロも付いているおままごとキッチンセットです♪,6912,木のおもちゃ ユーロバス,https://item.rakuten.co.jp/eurobus/2899748/,563736
29,ダイワ(Daiwa) タイトフィットラジアルウェーダー RW-4301R-T LL ブラック 04104364,13150,ナチュラム 楽天市場支店,https://item.rakuten.co.jp/naturum/2847260/,201920
0,【送料無料】ダイワ(daiwa) DF-6206 （フロートゲームベスト）ブラックレッド/ブラックイエロー/グレーライム/ジェットブラック/ブラックカモ/ディープグリーン,14968,おさかな侍,https://item.rakuten.co.jp/osakana-zamurai/d04-df6206/,407930
1,【メール便対応】 ダイワ　仮面シンカー　レッド　1.5g　エギ用シンカー,346,フィッシングアミューズ楽天市場店,https://item.rakuten.co.jp/tsurigu-amu/10006167/,208114
2,ダイワ ウォームアップブーツ WB-3301（ラジアル） (L/26.5cm) (O01) (D01),10710,釣人館ますだ 楽天市場支店,https://item.rakuten.co.jp/tsuribitokan-masuda/4960652191739/,112759
3,ダイワ メタリア カットウ H142,28123,フィッシング遊,https://item.rakuten.co.jp/fishing-you/4960652962995/,201899
4,ダイワ(Daiwa) エメラルダス LT 3000S-C-DH 00060102,12636,ナチュラム 楽天市場支店,https://item.rakuten.co.jp/naturum/2969944/,201912
5,ダイワ　歯みがきガム オーラルケアガム　プレミアム　ヤギミルク　20本入,498,アンディーマーブル,https://item.rakuten.co.jp/andymbl/10007900/,409660
6,ダイワ(Daiwa) 月下美人 クロスビーム 2.5インチ 桜エビ 04827953,345,ナチュラム 楽天市場支店,https://item.rakuten.co.jp/naturum/2913109/,208098
7,ダイワ/DAIWA フラットジャンキー サーフハリケーン 110S オレンジゴールドレッドベリー 【ラッキーシール対応】【メール便対応】,1701,釣具のフイッシュランド楽天市場店,https://item.rakuten.co.jp/fishland/4960652133111/,204309
8,【ダイワ(Daiwa)】DF-6406 ブラック フリー ライトフロートゲームベスト 【在庫限り 在庫処分】,9720,つりぐの岡林 楽天市場店,https://item.rakuten.co.jp/tsuriguno-okabayashi/s4960652199742/,407930
9,ダイワ(Daiwa) DF-3007T トーナメント バリアテックサイバーフロート L ライトグレー 08370007,31006,ナチュラム 楽天市場支店,https://item.rakuten.co.jp/naturum/2880914/,407930
10,ダイワ産業 木と手 食洗機対応 ひのき薄型まな板 33cm,3412,ワンズマート楽天市場店,https://item.rakuten.co.jp/onesmart/4906919003230/,215951
11,ダイワ(Daiwa)　エメラルダス ストリーム 2.5号 ホロ−ブルーアジ / エギ ヤマラッピ 山田ヒロヒト,880,釣具のFTO,https://item.rakuten.co.jp/fto-r/4960652136020/,204309
12,ダイワ/DAIWA RX GU 1800X ブルー / 釣り クーラーボックス 【ラッキーシール対応】,13608,釣具のフイッシュランド楽天市場店,https://item.rakuten.co.jp/fishland/4960652860802/,201925
13,ダイワ/DAIWA 鮃狂 フラットジャンキー ロデム 18g ケイムラネオン / ヒラメ ワーム 【ラッキーシール対応】,955,釣具のフイッシュランド楽天市場店,https://item.rakuten.co.jp/fishland/4960652225939/,208098
14,ダイワ(daiwa) DS-2301QR-HL ダイワフィッシングシューズ キュービックラジアルソール (スパイクレスモデル),9374,おさかな侍,https://item.rakuten.co.jp/osakana-zamurai/d04-ds2301qrhl/,112759
15,【即納可能】【ダイワ】 グローブライド 15 レブロス 2506,5897,かめや釣具WEB楽天市場店,https://item.rakuten.co.jp/kameya-turigu-web/4960652955751/,201912
16,ダイワ(Daiwa) スティーズ CT SV TW (STEEZ CT SV TW)　700H　/ベイトリール 右巻き 6.3,53978,釣具のFTO,https://item.rakuten.co.jp/fto-r/4960652005036/,201912
17,ダイワ TLX012 EG イーズグリーン (ブルーミラー) / タレックス TALEX偏光グラス (送料無料) (O01) (D01),33480,釣人館ますだ 楽天市場支店,https://item.rakuten.co.jp/tsuribitokan-masuda/4960652120890/,208116
18,DAIWA/ダイワ　バザーズワームフックSS　パワーストレー,291,Lure＆Boats Back Lash,https://item.rakuten.co.jp/backlash/4960652839136/,111967
19,●ダイワ　ジグキャスター 90M (ライトショアジギング),10328,釣具のバスメイトインフィニティ,https://item.rakuten.co.jp/bass-infinity/19227967/,201899
20,ダイワ(Daiwa) ランディングポールII 50 06575302,8970,ナチュラム 楽天市場支店,https://item.rakuten.co.jp/naturum/2330537/,501960
21,【9月15日 店内全品エントリーで10倍!最大36倍】 ダイワ　モバイルタックルバッグ　S40（A）　ホワイト,9158,釣具のキャスティング　楽天市場店,https://item.rakuten.co.jp/casting/4960652988797/,201923
22,ダイワ(Daiwa) 月下美人 76UL-S 01473760,11113,ナチュラム 楽天市場支店,https://item.rakuten.co.jp/naturum/1121680/,201899
23,ダイワ　エメラルダス　エギホルダー（B）　LW,1969,釣具のキャスティング　楽天市場店,https://item.rakuten.co.jp/casting/4960652861984/,565843
24,【スマホエントリーでポイント10倍】【送料無料4】ダイワ リール '18 フリームス LT4000D-C【9/12(木)10:00〜9/19(木)9:59】,13338,釣具のアングル　楽天市場店,https://item.rakuten.co.jp/angle/4960652247177/,201912
25,【9月15日増税前のBIG SALE&エントリーで最大P36倍！】ダイワ TGアゴリグシンカー 1．5g【ゆうパケット】,329,釣具のポイント 楽天市場店,https://item.rakuten.co.jp/point/4960652800426/,112908
26,【楽天カード決済&エントリーでP10倍確定！15日0時〜】ダイワ(Daiwa)　CARP ベンリィ針外し No.2　AC-046　【ネコポス配送可】,846,フィッシングサンイン,https://item.rakuten.co.jp/fishingsanin/10027987/,112908
27,ダイワ　純正リールガード　オイル　DAIWA,864,Lure＆Boats Back Lash,https://item.rakuten.co.jp/backlash/4960652380010/,201912
28,ダイワ産業 木と手 食洗機対応 ひのき薄型まな板 39cm,4281,ワンズマート楽天市場店,https://item.rakuten.co.jp/onesmart/4906919003247/,215951
29,ダイワ 月下美人 MX LT2000S(東日本店),14307,釣具のポイント東日本　楽天市場店,https://item.rakuten.co.jp/point-eastjapan/4960652207584/,201912
0,,,,,
0,,,,,
0,,,,,
0,,,,,
0,,,,,
0,,,,,
0,,,,,
0,,,,,
0,,,,,
0,,,,,
0,,,,,
0,,,,,
0,,,,,
0,,,,,
0,,,,,
0,,,,,
0,,,,,
0,,,,,
0,,,,,
0,,,,,
0,,,,,
0,,,,,
0,,,,,
0,,,,,
0,,,,,
0,,,,,
0,,,,,
0,,,,,
0,,,,,
0,,,,,
0,,,,,
0,,,,,
0,,,,,
0,,,,,
0,,,,,
0,,,,,
0,,,,,
0,,,,,
0,,,,,
0,,,,,
0,,,,,
0,,,,,
0,,,,,
0,,,,,
0,,,,,
0,,,,,
0,,,,,
0,,,,,
0,,,,,
0,,,,,
0,,,,,
0,,,,,
0,,,,,
0,,,,,
0,,,,,
0,,,,,
0,,,,,
0,,,,,
0,,,,,
0,,,,,
0,,,,,
0,,,,,
0,,,,,
0,,,,,
0,,,,,
0,,,,,
0,,,,,
0,,,,,
0,,,,,
0,,,,,
0,,,,,
0,,,,,
0,,,,,
0,,,,,
0,,,,,
0,,,,,
0,,,,,
0,,,,,
0,,,,,
0,,,,,
0,,,,,
0,,,,,
0,,,,,
0,,,,,
0,,,,,
0,,,,,
0,,,,,
0,,,,,
0,,,,,
0,,,,,
0,,,,,
0,,,,,
0,,,,,
0,,,,,
0,,,,,
0,,,,,
0,,,,,
0,,,,,
