,Title,CurrentPrice,BidOrBuy,shopName,ItemUrl,CategoryId
0,ニコンＢ７００　望遠ズーム24～1440ｍｍ　軽量コンパクト５７０ｇ　２１１4万画素,29800.00,30000.00,,https://auctions.yahooapis.jp/AuctionWebService/V2/auctionItem?auctionID=l548082586,2084263446
1,【シャッターOK】 Nikon L35AD コンパクトフィルムカメラ,9500.00,9500.00,,https://auctions.yahooapis.jp/AuctionWebService/V2/auctionItem?auctionID=q306790681,2084005100
2,即決 良品 動作保証 ニコン Nikon AF VR 80-400mm F4.5-5.6D ED ケース付き,56800.00,56800.00,,https://auctions.yahooapis.jp/AuctionWebService/V2/auctionItem?auctionID=o316803009,2084261684
3,即決 動作保証 ニコン Nikon AF-S NIKKOR 400mm F2.8G ED VR ケース付き 通常送料無料,438000.00,438000.00,,https://auctions.yahooapis.jp/AuctionWebService/V2/auctionItem?auctionID=g363729652,2084261684
4,即決 動作保証 ニコン AF-S NIKKOR 24-70mm F2.8G ED 箱、ケース付き,88000.00,88000.00,,https://auctions.yahooapis.jp/AuctionWebService/V2/auctionItem?auctionID=g363695350,2084261684
5,即決 美品 動作保証 ニコン AF-S NIKKOR 24-70mm F2.8G ED 綺麗な物をお探しの方におすすめです。,92500.00,92500.00,,https://auctions.yahooapis.jp/AuctionWebService/V2/auctionItem?auctionID=k357467511,2084261684
6,【送料無料】 Nikon PC-E Micro NIKKOR 85mm f/2.8D 【ニコンサービスにて改造済み】,135000.00,,,https://auctions.yahooapis.jp/AuctionWebService/V2/auctionItem?auctionID=f363308048,2084261684
7,Nikon フィールドスコープ ED82 ＋ アイピースワイド MC 38X 付 (432-W234),64800.00,64800.00,,https://auctions.yahooapis.jp/AuctionWebService/V2/auctionItem?auctionID=m338266649,2084263446
8,KS54 1円～ ジャンクカメラ 大量 まとめセット Nikon OLYMPUS Konica Canon MINOLTA PENTAX その他 など 【ジャンク】,28000.00,,,https://auctions.yahooapis.jp/AuctionWebService/V2/auctionItem?auctionID=j591674980,23660
9,新品!!　Nikon実体顕微鏡SMZ745(LEDリング照明付),85000.00,180000.00,,https://auctions.yahooapis.jp/AuctionWebService/V2/auctionItem?auctionID=t659806180,2084211051
10,動作確認済 ニコン Nikon COOLPIX S8100 デジカメ レッド 内箱なし EC51-128jy/F3,2314.00,,,https://auctions.yahooapis.jp/AuctionWebService/V2/auctionItem?auctionID=e379626735,2084261644
11,★ドイツ製★希少なニコン用単焦点シフトレンズ Schneider KREUZACH PC-SUPER ANGULON 2.8/28,120000.00,,,https://auctions.yahooapis.jp/AuctionWebService/V2/auctionItem?auctionID=w332419102,2084261693
12,R091613 Nikon デジタル一眼レフカメラ D90 ボディ 通電動作未確認 ジャンク扱い,3100.00,,,https://auctions.yahooapis.jp/AuctionWebService/V2/auctionItem?auctionID=s686557215,2084261636
13,Nikon モータードライブMD-4 レアなコマ速変換機MK-1付,11000.00,15000.00,,https://auctions.yahooapis.jp/AuctionWebService/V2/auctionItem?auctionID=o342080034,2084044778
14,Nikon TTLガンカプラーAS-17 レア,1000.00,,,https://auctions.yahooapis.jp/AuctionWebService/V2/auctionItem?auctionID=x641248914,2084261969
15,NIKON ニコン COOLSHOT 40i レーザー距離器 ブラック系 [240001273380]【中古】ゴルフウェア,24159.00,,,https://auctions.yahooapis.jp/AuctionWebService/V2/auctionItem?auctionID=q311879963,25094
16,NIKON ニコン LASER 550AS 距離計 オレンジ系 [240001281014]【中古】ゴルフウェア,13186.00,,,https://auctions.yahooapis.jp/AuctionWebService/V2/auctionItem?auctionID=o339790444,25094
17,☆新品☆送料無料☆Nikon AF-S DX NIKKOR 18-300mm f/3.5-5.6G ED VR [AFSDXVR18-300G],85000.00,,,https://auctions.yahooapis.jp/AuctionWebService/V2/auctionItem?auctionID=d377995033,23716
18,ニコン Nikon ミラーレス一眼Nikon 1 V3 ボディ ブラック　DF-N1000 電子ビューファインダー V3用　セット売り,40500.00,,,https://auctions.yahooapis.jp/AuctionWebService/V2/auctionItem?auctionID=b415254206,2084305445
19,◆F2.8通しの標準ズームレンズ◆Nikon ニコン AF-S NIKKOR 24-70mm F2.8 G ED ナノクリスタルコート 09Y74102975,84800.00,87800.00,,https://auctions.yahooapis.jp/AuctionWebService/V2/auctionItem?auctionID=q311992175,2084261684
0,６ウ289　Nikon COOLPIX P610 コンパクト デジタル ニコン カメラ　充電コード・電池・メモリーカード16GB付き,16311.00,,,https://auctions.yahooapis.jp/AuctionWebService/V2/auctionItem?auctionID=o342024794,2084261644
1,★即決★価格交渉あり★ニコン Nikon AI-S 200mm F4 純正単焦点レンズ★＜フィルター、前後キャップ＞＃2917,9780.00,9780.00,,https://auctions.yahooapis.jp/AuctionWebService/V2/auctionItem?auctionID=c769246090,2084261693
2,★即決★価格交渉あり★ニコン NIKON Ai-S NIKKOR 50mm f1.8 パンケーキレンズ★＜フィルター、前後キャップ＞＃2908,17800.00,17800.00,,https://auctions.yahooapis.jp/AuctionWebService/V2/auctionItem?auctionID=m354967445,2084261693
3,★名機★ ニコン NIKON F3/T チタンボディ 視界良好なクリアーファインダー,16600.00,59800.00,,https://auctions.yahooapis.jp/AuctionWebService/V2/auctionItem?auctionID=d387034618,2084044778
4,★ハローカメラ★ 4314 Nikon BELIOWS FOCUSING ATTACH MENT PB-4 ベローズ(全長19ｃｍ 幅5ｃｍ ) 箱有り、動作品 美品,19440.00,19440.00,,https://auctions.yahooapis.jp/AuctionWebService/V2/auctionItem?auctionID=s686321128,2084261693
5,★広角★実用級★外観きれい★ Tokina トキナー AF 19-35mm F3.5-4.5 ニコン用 #OK-592,6480.00,6680.00,,https://auctions.yahooapis.jp/AuctionWebService/V2/auctionItem?auctionID=b405727474,2084261684
6,〓人気レンズ〓ニコン Nikon AF-S DX 18-200 F3.5-5.6G VR ED Ⅱ2型,12980.00,34800.00,,https://auctions.yahooapis.jp/AuctionWebService/V2/auctionItem?auctionID=p691644626,2084261684
7,ニコン Binoculars ポロプリズム 双眼鏡 7X35E C　7.3°双眼鏡　美品,19800.00,,,https://auctions.yahooapis.jp/AuctionWebService/V2/auctionItem?auctionID=j592418179,2084263451
8,★送料一律★Nikon☆ニコン 35Ti コンパクトフィルムカメラ シャッターOK ソフトケース付き 中古現状品 91N349,12420.00,,,https://auctions.yahooapis.jp/AuctionWebService/V2/auctionItem?auctionID=w337078359,2084005100
9,★新品同様!!★ニコン NIKON AF-S NIKKOR 14-24mm F2.8G ED★新品と見間違ってしまう外観!! 透き通る程クリアな光学系!! 動作も完璧!! #742,90000.00,152300.00,,https://auctions.yahooapis.jp/AuctionWebService/V2/auctionItem?auctionID=q314746243,2084261684
10,★送料一律★Nikon F3 一眼レフフィルムカメラ レンズ NIKKOR 24mm 1:2.8 ニコン MF-14/MD-14付 シャッターOK 中古現状品 91N3201,24300.00,,,https://auctions.yahooapis.jp/AuctionWebService/V2/auctionItem?auctionID=g373132858,2084044778
11,★超美品★ NIKON ニコン AF-S DX Micro NIKKOR 40mm F2.8 G 外観・光学共に最高コンディションです！ 元箱・取説付,19800.00,29800.00,,https://auctions.yahooapis.jp/AuctionWebService/V2/auctionItem?auctionID=u302211232,2084261684
12,73◆極上美品◆ ニコン Nikon D800 元箱入り #0712AI360J,51000.00,74000.00,,https://auctions.yahooapis.jp/AuctionWebService/V2/auctionItem?auctionID=m358191917,2084261636
13,★極上美品!!★ニコン NIKON D7000 ボディ★予備バッテリー付き!! 非常にきれいな外観!! 視界良好でクリアなファインダー!!#716,5000.00,34800.00,,https://auctions.yahooapis.jp/AuctionWebService/V2/auctionItem?auctionID=t673155765,2084261636
14,★新品同様!!★タムロン TAMRON SP 15-30mm F2.8 Di VC USD (Model A012) ニコン(Nikon)用★新品と見間違ってしまうキレイな外観!!#729,38000.00,92800.00,,https://auctions.yahooapis.jp/AuctionWebService/V2/auctionItem?auctionID=w337121716,2084261684
15,即決★Nikon ニコン Ai-s Nikkor 50mm f1.8 Ais Lens パンケーキ マニュアルフォーカス 単焦点レンズ A949,15800.00,15800.00,,https://auctions.yahooapis.jp/AuctionWebService/V2/auctionItem?auctionID=x619510413,2084261693
16,★極上美品!!★Nikon ニコン D7100 ボディ ダブルレンズセット★付属品多数!!視界良好でクリアなファインダー!!すぐに使えます!!#597,30000.00,59800.00,,https://auctions.yahooapis.jp/AuctionWebService/V2/auctionItem?auctionID=r348262645,2084261636
17,送料無料 新品 Nikon AF-S DX Zoom-Nikkor 17-55mm f/2.8G IF-ED,119800.00,,,https://auctions.yahooapis.jp/AuctionWebService/V2/auctionItem?auctionID=w337168328,2084261684
18,★送料一律★Nikon☆ニコン カメラアクセサリー MB-D10 DR-6 MC-30 グリップ ファインダーなど D300用？ 中古現状品 81H8335,1188.00,,,https://auctions.yahooapis.jp/AuctionWebService/V2/auctionItem?auctionID=m358361435,23760
19,★新品同様!!★ ニコン NIKON D750 ダブルレンズセット★標準・望遠レンズセット!!付属品充実!! 高い機動力と高品位画質が大人気です!!#705,80000.00,145800.00,,https://auctions.yahooapis.jp/AuctionWebService/V2/auctionItem?auctionID=f373506956,2084261636
0,"■美品■ニコン Nikon D7000 ボディ ショット数8,248 《付属品多数》 #0122I16",8800.00,25500.00,,https://auctions.yahooapis.jp/AuctionWebService/V2/auctionItem?auctionID=e381499970,2084261636
1,★新品同様!!★ニコン Nikon D610 レンズセット★標準・望遠!! 新品と見間違ってしまう外観!! 透き通る程クリアなファインダー!! #783,20500.00,99800.00,,https://auctions.yahooapis.jp/AuctionWebService/V2/auctionItem?auctionID=w337697137,2084261636
2,★送料一律★TAMRON☆タムロン カメラレンズ SP AF ASPHERICAL Di LD 17-35mm 1:2.8-4 Nikonマウント 中古現状品 91N3163,5670.00,,,https://auctions.yahooapis.jp/AuctionWebService/V2/auctionItem?auctionID=r348627111,2084261684
3,Nikon ニコン 対物レンズ Plan Apo 20x/0.75 DIC N2 ∞/0.17 WD 1.0 中古 顕微鏡 20倍 生物 ケース 管理⑩,24946.00,38338.00,,https://auctions.yahooapis.jp/AuctionWebService/V2/auctionItem?auctionID=c754062117,2084045044
4,★送料一律★Nikon☆ニコン F3 一眼レフフィルムカメラ ボディ モータードライブ:MD-4 シャッターOK 中古現状品 91C4179,16740.00,,,https://auctions.yahooapis.jp/AuctionWebService/V2/auctionItem?auctionID=n369554231,2084044778
5,Nikon ニコン 対物レンズ Plan APO 10X/0.45 DIC N1 ∞/0.17 WD 4.0 中古 顕微鏡 10倍 生物 管理⑥,18573.00,25378.00,,https://auctions.yahooapis.jp/AuctionWebService/V2/auctionItem?auctionID=e375915118,2084045044
6,★美品★ニコン Nikon MF-18 F3用 コマ間データバック 箱・説明書付き,16800.00,19800.00,,https://auctions.yahooapis.jp/AuctionWebService/V2/auctionItem?auctionID=d385574078,2084044778
7,☆超極上☆ニコン Nikon D7200 Wレンズセット＃492411,69800.00,79800.00,,https://auctions.yahooapis.jp/AuctionWebService/V2/auctionItem?auctionID=v660081006,2084261636
8,★希少・極上美品★ NIKON ニコン NEW FM2 後期 ボディ シルバー ★非常に綺麗な外観! ファインダー内カビ・クモリなし! 完動品! D009,34900.00,44900.00,,https://auctions.yahooapis.jp/AuctionWebService/V2/auctionItem?auctionID=g373572742,2084044778
9,★新品級★ニコン Nikon AF-S NIKKOR 18-140mm f3.5-5.6G ED DX VR★全領域でシャープな描画の万能ズームレンズ！★#244,23800.00,35800.00,,https://auctions.yahooapis.jp/AuctionWebService/V2/auctionItem?auctionID=v653297822,2084261684
10,★極上美品★SIGMA シグマ AF ZOOM 24-135mm F 2.8-4.5 D NIKON★完動品★,8000.00,8180.00,,https://auctions.yahooapis.jp/AuctionWebService/V2/auctionItem?auctionID=w335369701,2084261684
11,★極上美品★ニコン Nikon AF-S NIKKOR 24-85mm F3.5-4.5G★フルサイズの軽量標準ズーム！コスパ最高の高画質が人気です！★#233,18800.00,34800.00,,https://auctions.yahooapis.jp/AuctionWebService/V2/auctionItem?auctionID=r337234611,2084261684
12,NIKON AF-S VR Zoom-Nikkor 24-120mm f/3.5-5.6G IF-ED 美品,10000.00,,,https://auctions.yahooapis.jp/AuctionWebService/V2/auctionItem?auctionID=x645807992,2084261684
13,★美品★ニコン Nikon AF-S NIKKOR 24-85mm F3.5-4.5G★フルサイズの軽量標準ズーム！コスパ最高の高画質が人気です！★#234,17800.00,29800.00,,https://auctions.yahooapis.jp/AuctionWebService/V2/auctionItem?auctionID=o331058905,2084261684
14,極上品 ニコン Nikon COOLPIX A300 ブラック ♯5896,1.00,7500.00,,https://auctions.yahooapis.jp/AuctionWebService/V2/auctionItem?auctionID=n370371342,2084261644
15,[美品・元箱付き] Nikon Ai NIKKOR 24mm F2 元箱一式,24800.00,29800.00,,https://auctions.yahooapis.jp/AuctionWebService/V2/auctionItem?auctionID=m356495400,2084261693
16,★良品★ニコン NIKON Ai改 NIKKOR-S・C 55mm F1.2 #3422,24800.00,24980.00,,https://auctions.yahooapis.jp/AuctionWebService/V2/auctionItem?auctionID=o342535668,2084261693
17,★極上美品★Nikon ニコン D750 超望遠300mm ダブルレンズセット 元箱付・付属品充実★高い機動力と高品位画質が大人気です！！★#210,119800.00,206800.00,,https://auctions.yahooapis.jp/AuctionWebService/V2/auctionItem?auctionID=o342099599,2084261684
18,★極上品★Nikon ニコン D3S ボディ★日常をドラマに変える抜群の描画力が愛されるプロ機！★#241,19999.00,149800.00,,https://auctions.yahooapis.jp/AuctionWebService/V2/auctionItem?auctionID=j585220641,2084261636
19,Nikon COOLPIX 5000 極美品,3000.00,,,https://auctions.yahooapis.jp/AuctionWebService/V2/auctionItem?auctionID=h420983078,2084261644
0,Nikon ニコン 対物レンズ Plan Fluor 40x/0.75 DIC M/N2 ∞/0.17 WD 0.72 中古 顕微鏡 40倍 生物 ケース 管理④,20331.00,28726.00,,https://auctions.yahooapis.jp/AuctionWebService/V2/auctionItem?auctionID=x637396665,2084045044
1,Nikon ニコン 対物レンズ Plan Fluor 40x/0.75 DIC M/N2 ∞/0.17 WD 0.72 中古 顕微鏡 40倍 生物 管理④,20331.00,28726.00,,https://auctions.yahooapis.jp/AuctionWebService/V2/auctionItem?auctionID=c749548277,2084045044
2,〓外観非常に綺麗〓ニコン Nikon F2 フォトミック S,22980.00,54800.00,,https://auctions.yahooapis.jp/AuctionWebService/V2/auctionItem?auctionID=342834488,2084044778
3,NIKON AF-S NIKKOR 28mm F1.4E ED 未使用品 付属完備,152000.00,152000.00,,https://auctions.yahooapis.jp/AuctionWebService/V2/auctionItem?auctionID=f365318619,2084261684
4,■美品■**Nikon F3HP/Nikkor 50mm 1:1.4/革ケース付**460,19500.00,,,https://auctions.yahooapis.jp/AuctionWebService/V2/auctionItem?auctionID=c759155456,2084044778
5,Nikon AF Zoom Nikkor 35-70mm F2.8D,6000.00,,,https://auctions.yahooapis.jp/AuctionWebService/V2/auctionItem?auctionID=s686572009,2084261684
6,不動品 ニコン Nikon COOLPIX S9500 レッド ♯5890,1.00,2500.00,,https://auctions.yahooapis.jp/AuctionWebService/V2/auctionItem?auctionID=d388897600,2084261644
7,〓非常に綺麗〓ニコン Nikon D5600,37980.00,69800.00,,https://auctions.yahooapis.jp/AuctionWebService/V2/auctionItem?auctionID=r348666625,2084261636
8,★送料一律★NIKON★ニコン レンズ Reflex-NIKKOR-C 1:8 500mm カメラ用品 F8 中古現状品 91N3203,9860.00,,,https://auctions.yahooapis.jp/AuctionWebService/V2/auctionItem?auctionID=b414819654,2084261693
9,18◆新品級◆ ニコン Nikon COOLPIX W300 オレンジ 完全防水 水深30mOK 4K動画撮影 元箱付 付属品完備#0681FI325J,24156.00,31800.00,,https://auctions.yahooapis.jp/AuctionWebService/V2/auctionItem?auctionID=s687177068,2084261644
10,★送料一律★NIKON★ニコン Fシリーズ ファインダー アクセサリー カメラ用品 中古品 91C4197,1188.00,,,https://auctions.yahooapis.jp/AuctionWebService/V2/auctionItem?auctionID=f373347096,23760
11,〓外観綺麗〓Nikon ニコン D40,6980.00,19800.00,,https://auctions.yahooapis.jp/AuctionWebService/V2/auctionItem?auctionID=f370806572,2084261636
12,〓レリーズたった数4773回 レンズ付〓Nikon ニコン D80 付属品完備,14980.00,34800.00,,https://auctions.yahooapis.jp/AuctionWebService/V2/auctionItem?auctionID=v638605556,2084261636
13,〓外観綺麗 フード付〓ニコン Nikon AF NIKKOR 85 F1.8,18980.00,39800.00,,https://auctions.yahooapis.jp/AuctionWebService/V2/auctionItem?auctionID=c726863851,2084261684
14,〓外観綺麗 〓Nikon ニコン ストラップ for Professional,1980.00,14800.00,,https://auctions.yahooapis.jp/AuctionWebService/V2/auctionItem?auctionID=g372097962,23760
15,〓人気レンズ〓ニコン Nikon Ai-s Micro-Nikkor 105 F2.8,11980.00,29800.00,,https://auctions.yahooapis.jp/AuctionWebService/V2/auctionItem?auctionID=d369757189,2084261693
16,〓レリーズ数4495回　望遠レンズ付き〓ニコン Nikon D70s,6980.00,24800.00,,https://auctions.yahooapis.jp/AuctionWebService/V2/auctionItem?auctionID=t671496675,2084261636
17,☆超極上☆ニコン Nikon AF-P 70-300mm VR＃482542,11800.00,18800.00,,https://auctions.yahooapis.jp/AuctionWebService/V2/auctionItem?auctionID=q310720057,2084261684
18,〓超望遠レンズ付き〓nikon ニコン D70S,3980.00,14800.00,,https://auctions.yahooapis.jp/AuctionWebService/V2/auctionItem?auctionID=f365509818,2084261636
19,〓人気カメラ〓Nikon ニコン Ｄ70s,2980.00,14800.00,,https://auctions.yahooapis.jp/AuctionWebService/V2/auctionItem?auctionID=399398956,2084261636
0,〓レリーズ数たった120回の新品級〓Nikon ニコン D5000 付属品多数,15980.00,34800.00,,https://auctions.yahooapis.jp/AuctionWebService/V2/auctionItem?auctionID=j587480132,2084261636
1,〓外観綺麗　元箱付〓Sunpak サンパック PZ40X Nikon ニコン用,2980.00,14800.00,,https://auctions.yahooapis.jp/AuctionWebService/V2/auctionItem?auctionID=v654783430,2084261969
2,〓人気レンズ〓ニコン Nikon NIKKOR-S Auto 50 1.4,4980.00,19800.00,,https://auctions.yahooapis.jp/AuctionWebService/V2/auctionItem?auctionID=u282515696,2084261693
3,〓レリーズ数4677回 望遠レンズ付き〓Nikon ニコン D70,6980.00,24800.00,,https://auctions.yahooapis.jp/AuctionWebService/V2/auctionItem?auctionID=c750895873,2084261636
4,〓外観非常に綺麗 フード付〓シグマ 70-300 F4-5.6 APO DG Macro ニコン用,11980.00,32800.00,,https://auctions.yahooapis.jp/AuctionWebService/V2/auctionItem?auctionID=t606500798,2084261684
5,〓外観綺麗〓トキナー TOKINA AF 28-105mm F3.5-4.5 ASPHERICAL ニコン用,3980.00,,,https://auctions.yahooapis.jp/AuctionWebService/V2/auctionItem?auctionID=s678813248,2084261684
6,〓外観非常に綺麗〓ニコン Nikon ニコン D80,6980.00,24800.00,,https://auctions.yahooapis.jp/AuctionWebService/V2/auctionItem?auctionID=d345290195,2084261636
7,〓レンズ3本セット〓ニコン NIkon 35-70 3.3-4.5 35-135 3.5-4.5 タムロン 28-200 3.8-5.6,5980.00,14800.00,,https://auctions.yahooapis.jp/AuctionWebService/V2/auctionItem?auctionID=m356594337,2084261684
8,〓人気カメラ〓Nikon ニコン F4E,6980.00,19800.00,,https://auctions.yahooapis.jp/AuctionWebService/V2/auctionItem?auctionID=r345273703,2084044785
9,〓三脚座付〓ニコン Nikon ニコン AF Nikkor 75-300mm F4.5-5.6,2980.00,14980.00,,https://auctions.yahooapis.jp/AuctionWebService/V2/auctionItem?auctionID=u282838318,2084261684
10,〓レンズ２本セット〓ニコン AF 35-70 3.3-4.5 AF 70-210 4-5.6,4980.00,19800.00,,https://auctions.yahooapis.jp/AuctionWebService/V2/auctionItem?auctionID=u286990887,2084261684
11,★極上品★ TAMRON タムロン SP 70-300mm 4-5.6 Di VC USD ニコン用 外観・光学ともに綺麗なコンディション！動作絶好調！ A160,17800.00,34800.00,,https://auctions.yahooapis.jp/AuctionWebService/V2/auctionItem?auctionID=j577868389,2084261684
12,〓人気品〓Nikon ニコン SB-24 スピードライト フラッシュ,1480.00,14800.00,,https://auctions.yahooapis.jp/AuctionWebService/V2/auctionItem?auctionID=n369922880,2084261969
13,★極美品★ ニコン Nikon D810 元箱付,81270.00,138000.00,,https://auctions.yahooapis.jp/AuctionWebService/V2/auctionItem?auctionID=v652403724,2084261636
14,■■Nikon F3/T HP チタン 一眼レフカメラ レンズ:Zoom-NIKKOR 28～85mm 1:3.5～4.5 マニュアル ニコン 中古現状品 92F7197,29430.00,,,https://auctions.yahooapis.jp/AuctionWebService/V2/auctionItem?auctionID=r348615171,2084044778
15,★送料一律★Nikon☆ニコン カメラレンズ AF-S NIKKOR 24-85mm 1:3.5-4.5G ズームレンズ AFレンズ 中古現状品 91N3162,1080.00,,,https://auctions.yahooapis.jp/AuctionWebService/V2/auctionItem?auctionID=x646159103,2084261684
16,★新品級★ SIGMA シグマ 35mm F1.4 DG HSM Art Nikon ニコン 元箱・付属品満載★外観・光学共に最高レベル! カビ・クモリなし 完動品 D003,63500.00,79800.00,,https://auctions.yahooapis.jp/AuctionWebService/V2/auctionItem?auctionID=x639900974,2084261684
17,◆初心者入門＆極上美品◆ NIKON ニコン AF-S 18-70mm F3.5-4.5G ED,2009.00,19800.00,,https://auctions.yahooapis.jp/AuctionWebService/V2/auctionItem?auctionID=w337081388,2084261684
18,★極上美品★ NIKON ニコン F2 フォトミックA ボディ ブラック 付属品付★非常に綺麗な外観! ファインダーカビ・クモリなし! 完動品 D007,38300.00,59800.00,,https://auctions.yahooapis.jp/AuctionWebService/V2/auctionItem?auctionID=w337593936,2084044778
19,■■Nikon F3/T HP チタン 一眼レフカメラ レンズ:Zoom-NIKKOR 28～85mm 1:3.5～4.5 マニュアル ニコン 中古現状品 92F7196,25380.00,,,https://auctions.yahooapis.jp/AuctionWebService/V2/auctionItem?auctionID=q314542873,2084044778
0,【現状販売品】 Nikon ニコン デジカメ COOLPIX S3100 ＆ S8000 ※バッテリー無し,1080.00,,,https://auctions.yahooapis.jp/AuctionWebService/V2/auctionItem?auctionID=q314638798,2084261644
1,◆初心者入門＆付属品多数◆ Nikon ニコン D70 超望遠Ｗズームレンズセット,410.00,31800.00,,https://auctions.yahooapis.jp/AuctionWebService/V2/auctionItem?auctionID=h422565952,2084261636
2,★送料一律★Nikon F3 一眼フィルムカメラ レンズ NIKKOR 35mm 1:1.4 データバック:MF-14 シャッターOK ニコン 中古現状品 91N3200,36288.00,,,https://auctions.yahooapis.jp/AuctionWebService/V2/auctionItem?auctionID=u302683909,2084044778
3,★☆綺麗です。 ニコン Nikon COOLPIX S3700 2005万画素 WiFi シルバー 《元箱・付属品・8GB SD》☆★,10000.00,10000.00,,https://auctions.yahooapis.jp/AuctionWebService/V2/auctionItem?auctionID=q290635947,2084261644
4,〓 外観綺麗〓 NIKON ニコン UW-NIKKOR 35mm F2.5,3980.00,19800.00,,https://auctions.yahooapis.jp/AuctionWebService/V2/auctionItem?auctionID=w283415896,2084261693
5,〓非常に綺麗 フード付〓タムロン SP AF 17-50 F2.8 XR DiII VC B005 ニコン用,17980.00,34800.00,,https://auctions.yahooapis.jp/AuctionWebService/V2/auctionItem?auctionID=t666581328,2084261684
6,〓レンズ付き〓Nikon ニコン F4,13980.00,34980.00,,https://auctions.yahooapis.jp/AuctionWebService/V2/auctionItem?auctionID=n358743966,2084044785
7,〓外観綺麗〓Nikon ニコン D600 元箱 付属品多数,51980.00,79800.00,,https://auctions.yahooapis.jp/AuctionWebService/V2/auctionItem?auctionID=j512840645,2084261636
8,〓レリーズ数たった6320回　非常に綺麗〓Nikon ニコン D5000 レンズ付き,15980.00,39800.00,,https://auctions.yahooapis.jp/AuctionWebService/V2/auctionItem?auctionID=c756953163,2084261636
9,〓非常に綺麗 フード 三脚座付〓ニコン Nikon AF NIKKOR 80-200 F2.8 D ED NEW,32980.00,69800.00,,https://auctions.yahooapis.jp/AuctionWebService/V2/auctionItem?auctionID=u244611210,2084261684
10,★ワンオーナー 完動品★ Nikon ニコン AF ED 80-400mm 4.5-5.6 D VR カビ・クモリなしの光学系！動作絶好調！ ご満足いただけます！ A198,44800.00,63800.00,,https://auctions.yahooapis.jp/AuctionWebService/V2/auctionItem?auctionID=e371822937,2084261684
11,★奇跡の超美品★ Nikon ニコン AF-S NIKKOR 58mm 1.4 G 外観・光学ともに非常に綺麗なコンディション！ 確実にご満足いただけます！ A252,107800.00,132800.00,,https://auctions.yahooapis.jp/AuctionWebService/V2/auctionItem?auctionID=n367562658,2084261684
12,★極上品★ Nikon ニコン Ai-s NIKKOR 35mm F2 形状・光学性能ともにバランスがとれた広角35mmレンズ！ 綺麗な外観！ 動作絶好調！ A216,21800.00,34800.00,,https://auctions.yahooapis.jp/AuctionWebService/V2/auctionItem?auctionID=o335511394,2084261693
13,〓全く出回っていない希少レンズ〓日本光学 NIKKOR-T 105mm F4 ケース フード付,39980.00,79800.00,,https://auctions.yahooapis.jp/AuctionWebService/V2/auctionItem?auctionID=n272896754,2084261693
14,〓レリーズ数7252回　超望遠300㎜レンズ付き〓ニコン Nikon D70,5980.00,19800.00,,https://auctions.yahooapis.jp/AuctionWebService/V2/auctionItem?auctionID=b414015324,2084261636
15,★送料一律★Nikon ニコン GN Auto NIKKOR・C 1:2.8 f=45mm ニッコール 単焦点レンズ パンケーキレンズ 中古現状品 91C4183-A,5670.00,,,https://auctions.yahooapis.jp/AuctionWebService/V2/auctionItem?auctionID=r348721334,2084044778
16,〓外観綺麗〓Nikon ニコン AF-S NIKKOR 17-35mm F2.8D ED,44980.00,74800.00,,https://auctions.yahooapis.jp/AuctionWebService/V2/auctionItem?auctionID=s677298562,2084261684
17,〓人気カメラ〓ニコン Nikon FG,2980.00,14800.00,,https://auctions.yahooapis.jp/AuctionWebService/V2/auctionItem?auctionID=q311399735,2084044778
18,〓外観綺麗　三脚座付〓ニコン Nikon ED AF NIKKOR 300mm F4,29980.00,49800.00,,https://auctions.yahooapis.jp/AuctionWebService/V2/auctionItem?auctionID=n326180925,2084261684
19,★1円スタート★Nikon ニコン FM2 一眼レフカメラ フィルムカメラ ★動作未確認品★,10050.00,,,https://auctions.yahooapis.jp/AuctionWebService/V2/auctionItem?auctionID=m358497387,2084044778
0,純正品！Nikonマルチパワーバッテリーパック MB-D10訳有り！値下げ,5880.00,5880.00,,https://auctions.yahooapis.jp/AuctionWebService/V2/auctionItem?auctionID=k408323967,23760
1,〓人気レンズ〓ニコン NIKON Ai NIKKOR-Q AUTO 200m F4,2480.00,19800.00,,https://auctions.yahooapis.jp/AuctionWebService/V2/auctionItem?auctionID=j584298423,2084261693
2,★奇跡のワンオーナー 超美品★ COSINA コシナ Carl Zeiss Makro Planar 2 100mm ZF.2 T* ニコン用 外観・光学ともに非常に綺麗！ A236,127800.00,142800.00,,https://auctions.yahooapis.jp/AuctionWebService/V2/auctionItem?auctionID=414601731,2084261693
3,〓レリーズ数たった579回 望遠レンズ付き〓ニコン Nikon D50,9980.00,24800.00,,https://auctions.yahooapis.jp/AuctionWebService/V2/auctionItem?auctionID=g358494516,2084261636
4,〓外観綺麗〓ニコン Nikon Ai-s Zoom NIKKOR 28-50mm F3.5,9980.00,24800.00,,https://auctions.yahooapis.jp/AuctionWebService/V2/auctionItem?auctionID=v652964371,2084261693
5,〓外観綺麗 レンズ付き〓ニコン NIKON D80,12980.00,34800.00,,https://auctions.yahooapis.jp/AuctionWebService/V2/auctionItem?auctionID=o306341325,2084261636
6,★いろいろ付属★使用感激低★超極上美品★ Nikon F100 ボディ 元箱、説明書、純正赤黒PROFESSIONALストラップなどいろいろ付属 #OK567,22080.00,22580.00,,https://auctions.yahooapis.jp/AuctionWebService/V2/auctionItem?auctionID=g362541370,2084044785
7,〓望遠レンズ付き〓Nikon ニコン D300,17980.00,34800.00,,https://auctions.yahooapis.jp/AuctionWebService/V2/auctionItem?auctionID=w332877257,2084261636
8,R▽【USED】1円スタート！Nikon ニコン 一眼レフ フィルムカメラ F4 ボディ/レンズ/ストロボ/バッグ 4点セット,3910.00,,,https://auctions.yahooapis.jp/AuctionWebService/V2/auctionItem?auctionID=c758061904,2084044785
9,★極上品★ Nikon ニコン ED AF-S NIKKOR 70-300mm 4.5-5.6 G VR カビ・クモリなしの光学系！動作絶好調！ 人気の望遠ズームレンズ！ A146,19800.00,34800.00,,https://auctions.yahooapis.jp/AuctionWebService/V2/auctionItem?auctionID=m344197565,2084261684
10,★ワンオーナー 奇跡の超美品★ Nikon ニコン AF-S 24-70mm 2.8 G ED おまけ付き！ 外観・光学ともに非常に綺麗なコンディション！ A194,92800.00,108800.00,,https://auctions.yahooapis.jp/AuctionWebService/V2/auctionItem?auctionID=406070625,2084261684
11,送料無料 新品 ニコン AF-S NIKKOR 16-35mm F4G ED VR,99800.00,,,https://auctions.yahooapis.jp/AuctionWebService/V2/auctionItem?auctionID=t673436314,2084261684
12,★極上美品★ニコン NIKON NEW NIKKOR 105mm F2.5 #3425,7800.00,7980.00,,https://auctions.yahooapis.jp/AuctionWebService/V2/auctionItem?auctionID=k411383600,2084261693
13,〓非常に綺麗〓Nikon ニコン モータードライブ MD-2 バッテリーパック MB-1,17980.00,34800.00,,https://auctions.yahooapis.jp/AuctionWebService/V2/auctionItem?auctionID=h422280619,2084044778
14,〓人気カメラ〓Nikon ニコン COOLPIX P7700,13980.00,34800.00,,https://auctions.yahooapis.jp/AuctionWebService/V2/auctionItem?auctionID=u302776520,2084261644
15,純正新品！Nikon Li-ion リチャージャブルバッテリー EN-EL10,1780.00,1780.00,,https://auctions.yahooapis.jp/AuctionWebService/V2/auctionItem?auctionID=f354007870,2084261672
16,〓外観綺麗〓ニコン Nikon ZOOM Ai-s NIKKOR 100-300mm F5.6,2980.00,19800.00,,https://auctions.yahooapis.jp/AuctionWebService/V2/auctionItem?auctionID=t673458721,2084261693
17,純正品未使用！NIKON ニコン 純正 EN-EL19 バッテリー　訳あり,1280.00,1280.00,,https://auctions.yahooapis.jp/AuctionWebService/V2/auctionItem?auctionID=r342290447,2084261672
18,〓極美級〓 ★ トキナー TOKINA AT-X 80-400mm F4.5-5.6D ニコン用 ★,23800.00,26800.00,,https://auctions.yahooapis.jp/AuctionWebService/V2/auctionItem?auctionID=g364600385,2084261684
19,〓極美級〓 ★ ニコン Nikon D610 超望遠 Wレンズセット ★ ダブルレンズセット ♪,76800.00,82800.00,,https://auctions.yahooapis.jp/AuctionWebService/V2/auctionItem?auctionID=w334326330,2084261636
0,〓至高の名機〓 ★ ニコン Nikon F3 + Ai-s 28mm F2.8 ＆ モータードライブ付　★,24800.00,28800.00,,https://auctions.yahooapis.jp/AuctionWebService/V2/auctionItem?auctionID=o328170736,2084044778
1,〓新品級〓 ニコン Nikon D7500 超望遠 Wレンズセット ★　ダブルレンズセット　♪,104800.00,108800.00,,https://auctions.yahooapis.jp/AuctionWebService/V2/auctionItem?auctionID=f369522781,2084261636
2,〓AF不良〓 ★ ニコン Nikon Ai AF-S ED 28-70mm F2.8D ★,24800.00,27800.00,,https://auctions.yahooapis.jp/AuctionWebService/V2/auctionItem?auctionID=c758286870,2084261693
3,〓超美級〓 ニコン Nikon NIKKOR-P 600mm F5.6　♪,23800.00,27800.00,,https://auctions.yahooapis.jp/AuctionWebService/V2/auctionItem?auctionID=s661699570,2084261693
4,★即決★価格交渉あり★ニコン Nikon DP-1フォトミックファインダー F２用☆＃2952,9980.00,9980.00,,https://auctions.yahooapis.jp/AuctionWebService/V2/auctionItem?auctionID=j589456749,2084044778
5,★即決★値下げ交渉あり★ニコン Nikon Ai 50mm F1.8★単焦点レンズ★＜フィルター、前後キャップ＞#2547,9780.00,9780.00,,https://auctions.yahooapis.jp/AuctionWebService/V2/auctionItem?auctionID=r341841437,2084261693
6,☆フイルム現像 CD入力　 新現像機 導入 さらに安心！ 高品質☆,200.00,200.00,,https://auctions.yahooapis.jp/AuctionWebService/V2/auctionItem?auctionID=x646149148,2084044778
7,★即決★価格交渉あり★ニコン Nikon Ai-S Micro NIKKOR 105mm F2.8 単焦点レンズ ★＜フィルター、前キャップ＞＃2950,27800.00,27800.00,,https://auctions.yahooapis.jp/AuctionWebService/V2/auctionItem?auctionID=k407735926,2084261693
8,■Nikon Zoom - NIKKOR 80-200mm F4.5 　オリーブペイント,1.00,,,https://auctions.yahooapis.jp/AuctionWebService/V2/auctionItem?auctionID=t672866015,2084261693
9,【美品・付属品完備】Nikon ニコン テレコンバーター AF-S TELECONVERTER TC-14E II 354,24500.00,24500.00,,https://auctions.yahooapis.jp/AuctionWebService/V2/auctionItem?auctionID=b409842133,2084261684
10,"★即決★価格交渉あり★ニコン Nikon Coolpix L810＋WIDE ED VR 搭載★光学26倍★1644万画素★マクロ撮影★＜CD-ROM,元箱,メモリー＞＃2994",9980.00,9980.00,,https://auctions.yahooapis.jp/AuctionWebService/V2/auctionItem?auctionID=x645086749,2084261644
11,ニコン Nikon NIKKOR 50mm F1.4 Ai 単焦点レンズ 美品,4150.00,,,https://auctions.yahooapis.jp/AuctionWebService/V2/auctionItem?auctionID=x645328904,2084261693
12,防水 タフカメラ Nikon COOLPIX W300 中古美品,24000.00,,,https://auctions.yahooapis.jp/AuctionWebService/V2/auctionItem?auctionID=d387618437,2084261644
13,■□ニコン・Nikon★DX★AF-S DX NIKKOR 55-300mm f/4.5-5.6G ED VR □■,4600.00,,,https://auctions.yahooapis.jp/AuctionWebService/V2/auctionItem?auctionID=n369834982,2084261684
14,■□ニコン・Nikon★FX★タムロン★AF70-300mm F/4-5.6 XR Di　A17□■,1800.00,,,https://auctions.yahooapis.jp/AuctionWebService/V2/auctionItem?auctionID=g372572255,2084261684
15,■□ニコン・Nikon★MS-D12 [単3形ホルダー]★マルチパワーバッテリーパック MB-D12用★D810 D810A D800/D800E用★2個有□■,580.00,1580.00,,https://auctions.yahooapis.jp/AuctionWebService/V2/auctionItem?auctionID=j590998302,2084261661
16,■□ニコン・Nikon★MS-D12EN★マルチパワーバッテリーパック MB-D12用★D810 D810A D800/D800E用□■,580.00,1580.00,,https://auctions.yahooapis.jp/AuctionWebService/V2/auctionItem?auctionID=e382147308,2084261661
17,■□ニコン・Nikon★MS-D14 [単3形ホルダー]★MB-D16、MB-D15、MB-D14用★D750・D610 ・D600・D7200・D7100用□■,580.00,1580.00,,https://auctions.yahooapis.jp/AuctionWebService/V2/auctionItem?auctionID=d388356652,2084261661
18,■□ニコン・Nikon★クイックチャージャーMH-16 (D1 D1H D1x バッテリーEN-4専用)2個有□■,1000.00,4980.00,,https://auctions.yahooapis.jp/AuctionWebService/V2/auctionItem?auctionID=q314704943,2084261661
19,■□ニコン・Nikon★マルチパワーバッテリーパック MB-D10★D300、D700、D300S用□■,790.00,,,https://auctions.yahooapis.jp/AuctionWebService/V2/auctionItem?auctionID=j590998802,2084261661
0,NIKON D200 +28-105mm+75-300mm +バッテリーグリップ　　まあまあ健全,12500.00,,,https://auctions.yahooapis.jp/AuctionWebService/V2/auctionItem?auctionID=g371930972,2084261636
1,即決 動作保証 Nikon ニコン AF-S NIKKOR 200-400mm F4G ED VR ケース付き 良品 通常送料無料,261000.00,261000.00,,https://auctions.yahooapis.jp/AuctionWebService/V2/auctionItem?auctionID=b394760266,2084261684
2,即決 Nikon ニコン Nikon AF-S NIKKOR 70-200mm F2.8G ED VR II 実用品,115000.00,115000.00,,https://auctions.yahooapis.jp/AuctionWebService/V2/auctionItem?auctionID=407159520,2084261684
3,NIKON D70+万能tamron　XR DiⅡ　18-200ｍｍ　+シグマAPOmacro　70-300,5500.00,9700.00,,https://auctions.yahooapis.jp/AuctionWebService/V2/auctionItem?auctionID=g372461835,2084261636
4,美品◆Nikon D3400 ブラック ボディ◆予備バッテリー付き,16500.00,,,https://auctions.yahooapis.jp/AuctionWebService/V2/auctionItem?auctionID=k410322506,2084261636
5,【極美品】NIKON D810+24-85 VR セット デジタル一眼レフカメラ,170000.00,170000.00,,https://auctions.yahooapis.jp/AuctionWebService/V2/auctionItem?auctionID=s686175596,2084261636
6,新品 未開封 Nikon COOLSHOT PRO STABILIZED 携帯型 レーザー 距離計 ニコン クールショット ゴルフ,30501.00,,,https://auctions.yahooapis.jp/AuctionWebService/V2/auctionItem?auctionID=g372969167,2084063253
7,美品！ニコン 50mm f1.8【フィルター付属】special edition,11520.00,20000.00,,https://auctions.yahooapis.jp/AuctionWebService/V2/auctionItem?auctionID=d386929990,2084261684
8,【良品】AF-S NIKKOR 24-70mm f/2.8G ED,63000.00,82000.00,,https://auctions.yahooapis.jp/AuctionWebService/V2/auctionItem?auctionID=c759323399,2084261684
9,【新品】 Nikon　ニコン D850 デジタル一眼レフカメラ 本体,270000.00,,,https://auctions.yahooapis.jp/AuctionWebService/V2/auctionItem?auctionID=o342149336,2084261636
10,★美品★Nikon ニコン Ai-S Nikkor 45mm F2.8P シルバー MF 純正メタルフード付 ワンオーナー,38800.00,,,https://auctions.yahooapis.jp/AuctionWebService/V2/auctionItem?auctionID=t669497442,2084261693
11,ミラーレスで軽いかわいい、NIKON1　J1　+明るい単焦点18.5㎜,8250.00,16800.00,,https://auctions.yahooapis.jp/AuctionWebService/V2/auctionItem?auctionID=x641378322,2084261636
12,NIKON ニコン　D800,45500.00,,,https://auctions.yahooapis.jp/AuctionWebService/V2/auctionItem?auctionID=q315086628,2084261636
13,送料無料　清原光学 KIYOHARA KOGAKU KOPTIC VK70R 　Nikonマウント　コンタックス（Y/C）マウント　セット,8000.00,,,https://auctions.yahooapis.jp/AuctionWebService/V2/auctionItem?auctionID=q312265362,2084261693
14,新品純正Nikon COOLPIX P900 / COOLPIX P610 / COOLPIX P600 用バッテリーEN-EL23,2980.00,2980.00,,https://auctions.yahooapis.jp/AuctionWebService/V2/auctionItem?auctionID=o341837460,2084261636
15,Nikon NIKKOR AF-S 24-70mm f/2.8G ED 大三元レンズ FXフォーマット,59000.00,,,https://auctions.yahooapis.jp/AuctionWebService/V2/auctionItem?auctionID=x641675890,2084261684
16,ニコン Nikon AF-S NIKKOR 24-70mm 1:2.8G ED,35500.00,,,https://auctions.yahooapis.jp/AuctionWebService/V2/auctionItem?auctionID=n369769201,2084261684
17,ほぼ無傷 Nikon ニコン Micro-Nikkor 105mm F2.8 元箱付 ヘリコイド小難有 (24),1710.00,,,https://auctions.yahooapis.jp/AuctionWebService/V2/auctionItem?auctionID=e381029162,2084261693
18,【ジャンク】 Nikon DX AF-S NIKKOR 10-24ｍｍ 1:3.5-4.5G ED,3000.00,,,https://auctions.yahooapis.jp/AuctionWebService/V2/auctionItem?auctionID=b415168649,2084261684
19,【訳あり格安】これは名機だわ！NIKON D90　+AFnikkor35-70㎜（3.3-4.5）　+TAMURON　DiⅡ　18-270ｍｍ（3.5-6.3）,12500.00,,,https://auctions.yahooapis.jp/AuctionWebService/V2/auctionItem?auctionID=e380599369,2084261636
0,★希少・美品★Nikon ベローズ BELLOWS NIKKOR-P 105mm F4★純正ケース付き,14800.00,,,https://auctions.yahooapis.jp/AuctionWebService/V2/auctionItem?auctionID=k407146376,2084261693
1,純正品！Nikonマルチパワーバッテリーパック MB-D14 訳有り！値下げ,5880.00,5880.00,,https://auctions.yahooapis.jp/AuctionWebService/V2/auctionItem?auctionID=x639928462,23760
2,★箱付美品★ ニコン Nikon D200 ボディ ■ M-18SE19-354,2100.00,16800.00,,https://auctions.yahooapis.jp/AuctionWebService/V2/auctionItem?auctionID=g373576693,2084261636
3,純正新品！未使用！ニコン Li-ionリチャージャブルバッテリーEN-EL20(EN-EL20 ),1980.00,1980.00,,https://auctions.yahooapis.jp/AuctionWebService/V2/auctionItem?auctionID=u301727996,2084261672
4,顕微鏡 中古 ニコン 実体顕微鏡 SMZ 双眼 接眼レンズ N10× AL5 取説付き 箱入り Nikon,4968.00,,,https://auctions.yahooapis.jp/AuctionWebService/V2/auctionItem?auctionID=r348667693,2084045044
5,Nikon デジタルカメラ COOLPIX S9300 /ニコン/デジカメ/9-152,1296.00,,,https://auctions.yahooapis.jp/AuctionWebService/V2/auctionItem?auctionID=n369378255,2084261644
6,● ニコン CANON NIKON PENTAX 等 カメラ 大量まとめ,1.00,,,https://auctions.yahooapis.jp/AuctionWebService/V2/auctionItem?auctionID=b416248735,2084044778
7,【極上品】 Nikon ニコン Df ブラック ★漆黒の稀少なブラックモデルです！,100000.00,148000.00,,https://auctions.yahooapis.jp/AuctionWebService/V2/auctionItem?auctionID=c759963083,2084261636
8,●Nikon AFカメラ F5 ニコン LENS:AF NIKKOR 24-120mm 1:3.5-5.6D オートフォーカス一眼レフ シャッターOK 中古 93N365,10260.00,,,https://auctions.yahooapis.jp/AuctionWebService/V2/auctionItem?auctionID=q314836070,2084044785
9,● ニコン キヤノン CANON NIKON PENTAX 等 カメラ 大量まとめ,1.00,,,https://auctions.yahooapis.jp/AuctionWebService/V2/auctionItem?auctionID=420121527,23660
10,ジャンク ニコン キヤノン ペンタックス オリンパス ミノルタ他 MFフィルム一眼 レンジファインダ-等 25台 まとめ まとめて 大量SET #3122,3060.00,,,https://auctions.yahooapis.jp/AuctionWebService/V2/auctionItem?auctionID=s686088270,2084044778
11,Nikon/ニコン ズームデマンド●TZ-D3 中古,21600.00,,,https://auctions.yahooapis.jp/AuctionWebService/V2/auctionItem?auctionID=j590688575,2084239145
12,★NIKON☆ニコン レンズ AF-S VR-NIKKOR 70-200mm 1:2.8G 元箱・取説付 中古 現状品 91Y7286,11340.00,,,https://auctions.yahooapis.jp/AuctionWebService/V2/auctionItem?auctionID=w337346547,2084261684
13,★極上美品!!★ニコン NIKON D750 ダブルレンズセット★標準・望遠セット!! 透き通るほどクリアなファインダー!! 非常にきれいな外観!!#704,1.00,145800.00,,https://auctions.yahooapis.jp/AuctionWebService/V2/auctionItem?auctionID=f373584741,2084261636
14,純正新品！ニコン Li-ionリチャージャブルバッテリー「EN-EL20」,1780.00,1780.00,,https://auctions.yahooapis.jp/AuctionWebService/V2/auctionItem?auctionID=g370298762,2084261661
15,★新品同様!!★ニコン NIKON D800 ダブルレンズセット★標準・望遠!!新品と見間違ってしまう外観!!透き通る程クリアなファインダー!!#782,1.00,114800.00,,https://auctions.yahooapis.jp/AuctionWebService/V2/auctionItem?auctionID=h422226663,2084261636
16,☆希少新品級 コシナ COSINA AF 100-400mm F4.5-6.7　Nikon 即日発送,19800.00,19800.00,,https://auctions.yahooapis.jp/AuctionWebService/V2/auctionItem?auctionID=f199472441,2084261684
17,★NIKON☆ニコン レンズ NIKKOR ED AF 300mm 1:2.8 動作OK! 取説・ケース付 中古 91Y7285,19602.00,,,https://auctions.yahooapis.jp/AuctionWebService/V2/auctionItem?auctionID=n369986568,2084261684
18,★希少銘玉★ニコン Nikon Ai 135mm F2.8♯1510,1.00,16800.00,,https://auctions.yahooapis.jp/AuctionWebService/V2/auctionItem?auctionID=k411436028,2084261693
19,"★新品同様!!★ニコン Nikon D800E ボディ★新品と見間違ってしまう外観!!透き通る程クリアなファインダー!!シャッター回数10,028回!!#784",1.00,109800.00,,https://auctions.yahooapis.jp/AuctionWebService/V2/auctionItem?auctionID=j591764281,2084261636
0,1円スタート Nikon 顕微鏡 モデル CL 通電確認済み 動作未確認 ジャンク扱い ケース付き ニコン,1.00,,,https://auctions.yahooapis.jp/AuctionWebService/V2/auctionItem?auctionID=419457591,2084045044
1,★極上美品!!★ニコン NIKON AF-S NIKKOR 24-70mm F2.8G ED★大三元レンズ!!非常にきれいな外観!!非常にクリアな光学系!!動作絶好調!!#657,1.00,89800.00,,https://auctions.yahooapis.jp/AuctionWebService/V2/auctionItem?auctionID=l548594397,2084261684
2,☆希少超美品☆トキナーTokina AT-X PRO 28-80mm F2.8 Nikon　フード付　即日発送,23800.00,25800.00,,https://auctions.yahooapis.jp/AuctionWebService/V2/auctionItem?auctionID=d260441332,2084261684
3,★極上美品!!★ニコン NIKON D3S ボディ★非常にきれいな外観!! 視界良好クリアなファインダー!! 一連の動作も完璧!! #751,1.00,99800.00,,https://auctions.yahooapis.jp/AuctionWebService/V2/auctionItem?auctionID=m358819852,2084261636
4,Nikon 単焦点レンズ 35mm F1.8 ニコン AF-S,12100.00,,,https://auctions.yahooapis.jp/AuctionWebService/V2/auctionItem?auctionID=w337635737,2084261693
5,銘玉☆ニコン Nikon AF 35-70mm F2.8 訳あり,1.00,5980.00,,https://auctions.yahooapis.jp/AuctionWebService/V2/auctionItem?auctionID=k411195699,2084261684
6,在庫処分 まとめ カメラ レンズ 大量 Nikon Nikomat/PENTAX SPOTMATIC/MINOLTA/Canon/CASIO/Kodak/SONY/動作未確認 ジャンク 色々 まとめて,166.00,,,https://auctions.yahooapis.jp/AuctionWebService/V2/auctionItem?auctionID=w337074030,2084044776
7,★新品同様!!★ニコン NIKON D7500 ダブルレンズセット★新品と見間違ってしまう外観!!透き通る程クリアなファインダー!!付属品多数!!#743,1.00,139800.00,,https://auctions.yahooapis.jp/AuctionWebService/V2/auctionItem?auctionID=v664235509,2084261636
8,★新品同様!!★ニコン NIKON AF-S NIKKOR 14-24mm F2.8G ED★状態が良い商品をお探しの方に!! 透き通る程キレイな光学系!! #641,1.00,139800.00,,https://auctions.yahooapis.jp/AuctionWebService/V2/auctionItem?auctionID=d388643508,2084261684
9,MVOTH101　ジェームス・ディーン写真展葉書 ニコン NIKON S2 1957年 銀座松坂屋,2000.00,,,https://auctions.yahooapis.jp/AuctionWebService/V2/auctionItem?auctionID=e381562536,22148
10,★新品未使用品 AF-P DX NIKKOR 18-55mm f/3.5-5.6G VR★Nikon ニコン,7980.00,7980.00,,https://auctions.yahooapis.jp/AuctionWebService/V2/auctionItem?auctionID=j591231942,2084261684
11,■得々■Nikon/ニコン/光学顕微鏡/OPTIPHOTO/オプチフォト/正立型/金属顕微鏡＆カメラ＆撮影装置/実験/研究/ラボ/対物レンズ（5本）/10,85320.00,,,https://auctions.yahooapis.jp/AuctionWebService/V2/auctionItem?auctionID=k387438800,2084045044
12,■美品■**Nikon/NIKKOR 24mm 1:2.8/前後キャップ付**463,1600.00,,,https://auctions.yahooapis.jp/AuctionWebService/V2/auctionItem?auctionID=c759799899,2084261693
13,高級ミラーレス　NIKON1　V1　　レンズキット　（使用感少ない）,9577.00,,,https://auctions.yahooapis.jp/AuctionWebService/V2/auctionItem?auctionID=r348783358,2084305445
14,★★【 1 nikkorVR10-30 + J1 】　Nikkorレンズ + ボディ　　　　　[ジャンク],239.00,,,https://auctions.yahooapis.jp/AuctionWebService/V2/auctionItem?auctionID=h421600792,2084261684
15,Canon Nikon 等 レンズ 大量 色々 まとめ 在庫処分 動作未確認 ジャンク まとめて　ニコン,1.00,,,https://auctions.yahooapis.jp/AuctionWebService/V2/auctionItem?auctionID=l548945292,2084261700
16,★超美品★Nikon ニコン AF-S 24mm F1.8G ED,5750.00,59800.00,,https://auctions.yahooapis.jp/AuctionWebService/V2/auctionItem?auctionID=m358449045,2084261684
17,◆極上 ニコン NIKON D7000 + 純正Wズーム#969,2001.00,42800.00,,https://auctions.yahooapis.jp/AuctionWebService/V2/auctionItem?auctionID=s687294976,2084261636
18,●Nikon AFカメラ F5 ボディ オートフォーカス一眼カメラ ニコン シャッターOK 中古 93N398,7398.00,,,https://auctions.yahooapis.jp/AuctionWebService/V2/auctionItem?auctionID=p712713911,2084044785
19,■■Nikon / ニコン NIKKOR-SW 90mm 1:8 大判カメラ用 交換レンズ ニッコール 現状品 中古 92K6116,1080.00,,,https://auctions.yahooapis.jp/AuctionWebService/V2/auctionItem?auctionID=p707900705,23692
0,★極上美品★ NIKON ニコン AI NIKKOR 50mm F1.4 S Ai-s 美品マニュアルレンズ クリアーな光学 動作問題なし 1909009,1.00,24000.00,,https://auctions.yahooapis.jp/AuctionWebService/V2/auctionItem?auctionID=c758938360,2084261693
1,☆ニコン　Nikon Ｆ２　ボディ,5250.00,,,https://auctions.yahooapis.jp/AuctionWebService/V2/auctionItem?auctionID=k410215318,2084044778
2,【超美品】Nikon D810ボディ ＋ 未使用付属品、箱一式,98000.00,,,https://auctions.yahooapis.jp/AuctionWebService/V2/auctionItem?auctionID=l548580096,2084261636
3,■■Nikon / ニコン NIKKOR-M 200mm 1:8 ニッコール 大判カメラ用 交換レンズ 現状品 中古 92K6117,1296.00,,,https://auctions.yahooapis.jp/AuctionWebService/V2/auctionItem?auctionID=g372206564,23692
4,▼Nikon フィルムカメラ F2 フォトミック NIKKOR 50mm 1:1.8 ニコン 現状品 95Y530,1080.00,,,https://auctions.yahooapis.jp/AuctionWebService/V2/auctionItem?auctionID=p713421908,2084261693
5,☆（レンズ）　ニコン　Nikkor-S.C AUTO　５５ｍｍ　１：１．２,7750.00,,,https://auctions.yahooapis.jp/AuctionWebService/V2/auctionItem?auctionID=c771812690,2084261693
6,☆メーカーメンテ済み☆ ニコン用 SIGMA APO 50-500mm F4.5-6.3 DG OS HSM,53000.00,65000.00,,https://auctions.yahooapis.jp/AuctionWebService/V2/auctionItem?auctionID=x645884460,2084261684
7,★ハローカメラ★ 5042 Nikon COOLPIX P90 光学24倍ズーム【 1210万画素 】バッテリーなし/ ニコンデジカメ 撮影/再生OK 動作品,2765.00,,,https://auctions.yahooapis.jp/AuctionWebService/V2/auctionItem?auctionID=m358372038,2084261644
8,【新品級極美】★Nikon AF-P NIKKOR 70-300mm F4.5-5.6 E ED VR 望遠ズームレンズ／フルサイズ対応／(防湿庫保管)★,15500.00,,,https://auctions.yahooapis.jp/AuctionWebService/V2/auctionItem?auctionID=k411362408,2084261684
9,★Nikonの本格一眼入門機　ニコン　Ｄ７０ｓ レンズキット・豪華付属品多数♪,14500.00,17800.00,,https://auctions.yahooapis.jp/AuctionWebService/V2/auctionItem?auctionID=p713139095,2084261636
10,KIPON TILT NIK-m4/3 ニコンFマウントレンズ → マイクロフォーサーズ　マウントアダプター アオリ(ティルト)機構搭載 回転式,11250.00,,,https://auctions.yahooapis.jp/AuctionWebService/V2/auctionItem?auctionID=c756772727,2084261693
11,激レア保管品NIKON ニコン SP Limited リミテッド 新品購入時のフルセットで,271000.00,,,https://auctions.yahooapis.jp/AuctionWebService/V2/auctionItem?auctionID=m355507283,2084204375
12,NIKON ニコン◆AF-S MICRO NIKKOR 105㎜ f2.8G ED/単焦点レンズ◆ニコンFマウント系,40000.00,,,https://auctions.yahooapis.jp/AuctionWebService/V2/auctionItem?auctionID=l549159950,2084261684
13,"☆注目 美品☆Nikon ニコン　D5300　18-55 VR Ⅱ　レンズキット　元箱あります！　Shot数：3,889回",15000.00,39000.00,,https://auctions.yahooapis.jp/AuctionWebService/V2/auctionItem?auctionID=x641848166,2084261636
14,ニコン　NIKON　 ブルー　 L35AW AD　NIKON　AF　LENS　35ｍｍ　1：2.8　ケース付,4000.00,,,https://auctions.yahooapis.jp/AuctionWebService/V2/auctionItem?auctionID=g373627238,2084005100
15,ニコン デジタルカメラ、ミラーレス用レンズ、ジャンク扱い,2100.00,,,https://auctions.yahooapis.jp/AuctionWebService/V2/auctionItem?auctionID=e381163734,2084305445
16,ニコン　NIKON　 　 L35 AD　NIKON　AF　LENS　35ｍｍ　1：2.8　ケース付,4000.00,,,https://auctions.yahooapis.jp/AuctionWebService/V2/auctionItem?auctionID=l549246923,2084005100
17,ニコン　NIKON L35AW AD　NIKON　AF　LENS　35ｍｍ　1：2.8　ケース付,4000.00,,,https://auctions.yahooapis.jp/AuctionWebService/V2/auctionItem?auctionID=e382528116,2084005100
18,中古　Nikon F シリアルナンバー709万　1970年3月～5月製造品 　レンズ　NIKKOR-S　Auto　1：1・4　ｆ＝50ｍｍ　FTN　FINDER,1200.00,,,https://auctions.yahooapis.jp/AuctionWebService/V2/auctionItem?auctionID=l548460449,2084044785
19,COOLPIX A10,3100.00,,,https://auctions.yahooapis.jp/AuctionWebService/V2/auctionItem?auctionID=k410655749,2084261644
0,ニコンＦ、完動美品・ニッコール35～200ｍｍ・1：3.5～4.5付き,10500.00,25000.00,,https://auctions.yahooapis.jp/AuctionWebService/V2/auctionItem?auctionID=c758796829,2084044778
1,Nikon F2 フォトミックＳ　ブラックボディ　ニコンフィルムカメラ,12800.00,,,https://auctions.yahooapis.jp/AuctionWebService/V2/auctionItem?auctionID=b416270791,2084044778
2,ほぼ無傷 Nikon NIKONOS V ニコノス 5 水中 フィルムカメラ ボディ 元箱付 (23),3655.00,,,https://auctions.yahooapis.jp/AuctionWebService/V2/auctionItem?auctionID=p713452728,2084044778
3,☆☆☆ ニコン AI AF-S 17-35mm F/2.8D ☆☆☆,27000.00,,,https://auctions.yahooapis.jp/AuctionWebService/V2/auctionItem?auctionID=d388206747,2084261684
4,ニコンＦ2フォトミックＡ、完動美品　ニッコールＥシリーズ36～７２ｍｍ・1：3.5付き,13000.00,30000.00,,https://auctions.yahooapis.jp/AuctionWebService/V2/auctionItem?auctionID=c772071534,2084044778
5,ニコンF 美品 ファインダーキレイです。,5750.00,20000.00,,https://auctions.yahooapis.jp/AuctionWebService/V2/auctionItem?auctionID=n369891558,2084044778
6,Tamron タムロン SP AF 28-105mm F2.8 LD Aspherical For Nikon AF ニコンマウント 176DN (17),1350.00,,,https://auctions.yahooapis.jp/AuctionWebService/V2/auctionItem?auctionID=c759342428,2084261684
7,Nikon COOLSHOT ニコン 80 i VR 箱無し,25000.00,30000.00,,https://auctions.yahooapis.jp/AuctionWebService/V2/auctionItem?auctionID=r349356416,2084063253
8,新品未使用保管　ニコン Nikon AF-S ED NIKKOR 17-35mm F2.8 D フルサイズ対応 オートフォーカス レンズ,50000.00,,,https://auctions.yahooapis.jp/AuctionWebService/V2/auctionItem?auctionID=x646601871,2084261684
9,NIKON ニコン　D850ボディ　美品！,260000.00,,,https://auctions.yahooapis.jp/AuctionWebService/V2/auctionItem?auctionID=q314607916,2084261636
10,■極上美品■　ニコン NIKON REFLEX-NIKKOR・C 500ｍｍ F8,8000.00,,,https://auctions.yahooapis.jp/AuctionWebService/V2/auctionItem?auctionID=h422953405,2084261693
11,coolpix P5000 　EN-EL5(純正充電池)　　1000万画素（1/1.8型CCD、顔認識AF、光学ファインダー　　等）,2300.00,,,https://auctions.yahooapis.jp/AuctionWebService/V2/auctionItem?auctionID=b413552928,2084261644
12,【新品】【送料無料】1　NIKKOR 18.5mm f/1.8 保証書付き　nikon 1用,8000.00,,,https://auctions.yahooapis.jp/AuctionWebService/V2/auctionItem?auctionID=e382604340,2084261684
13,【新品】ニコン クールショットプロ スタビライズド（手ブレ補正機能搭載モデル,42000.00,,,https://auctions.yahooapis.jp/AuctionWebService/V2/auctionItem?auctionID=f352011978,2084063253
14,ニコンＦＥ２実用品。おまけレンズ２本付き。これからフィルムカメラを初めて見ようという方にも。,8000.00,,,https://auctions.yahooapis.jp/AuctionWebService/V2/auctionItem?auctionID=h421331859,2084044778
15,"【完全新品】AF-P DX NIKKOR 18-55mm f/3.5-5.6G VR　Nikon ニコン標準ズームレンズ　希望小売価格40,500円 ■保証書付き",4600.00,,,https://auctions.yahooapis.jp/AuctionWebService/V2/auctionItem?auctionID=s686839142,2084261684
16,ジャンク ニコン キヤノン ペンタックス オリンパス ミノルタ 他 MF AF レンズ 等 27台 まとめ まとめて 大量 セット #3165,1500.00,,,https://auctions.yahooapis.jp/AuctionWebService/V2/auctionItem?auctionID=t672622975,2084261693
17,【美品】 ニコン クールピクス Nikon COOLPIX A100 レッド【スタイリッシュで高画質】【HD動画もOK】（19Se19M-CN）,111.00,12800.00,,https://auctions.yahooapis.jp/AuctionWebService/V2/auctionItem?auctionID=g373883769,2084261644
18,"【新品】【送料無料】Nikon ニコン超望遠ズームレンズ　AF-P DX NIKKOR 70-300mm f/4.5-6.3G ED VR　希望小売価格47,500円 ■保証書付き",7000.00,,,https://auctions.yahooapis.jp/AuctionWebService/V2/auctionItem?auctionID=g372407780,2084261684
19,Nikon ニコン 専用 28-105mm AF 高級ズームレンズ 希少・作動品,2300.00,10000.00,,https://auctions.yahooapis.jp/AuctionWebService/V2/auctionItem?auctionID=q314237886,2084261684
0,Nikon ニコン 純正 NIKKOR 50mm 高級単焦点レンズ 1:2 綺麗な作動品,700.00,,,https://auctions.yahooapis.jp/AuctionWebService/V2/auctionItem?auctionID=c758663572,2084261693
1,Nikon ニコン Ai AF DC-Nikkor 135mm f/2D,54000.00,80000.00,,https://auctions.yahooapis.jp/AuctionWebService/V2/auctionItem?auctionID=s686628997,2084261684
2,新品同様　Nikon AF-S Nikkor 70-200mm F2.8 G ED VR2,102511.00,,,https://auctions.yahooapis.jp/AuctionWebService/V2/auctionItem?auctionID=r348365529,2084261684
3,【ecoま】ニコン Nikomat/EM/FG20 お得★4台セット フィルムカメラ,11.00,,,https://auctions.yahooapis.jp/AuctionWebService/V2/auctionItem?auctionID=b415494349,2084044778
4,SIGMA 150-600mm F5-6.3 DG OS HSM TELECONVERTER TC-1401 KIT テレコンバーターキット For NIKON ニコン シグマ 付属品,23500.00,98000.00,,https://auctions.yahooapis.jp/AuctionWebService/V2/auctionItem?auctionID=l549190315,2084261684
5,AF-S NIKKOR 24-85mm f/3.5-4.5G ED VR,23000.00,40000.00,,https://auctions.yahooapis.jp/AuctionWebService/V2/auctionItem?auctionID=v663905985,2084261684
6,AF NIKKOR 85mm 1:1.8 New w/HN-23 HOOD,2500.00,,,https://auctions.yahooapis.jp/AuctionWebService/V2/auctionItem?auctionID=w336945051,2084261684
7,【ecoま】ニコン NIKON D100 レンズ付き デジタル一眼レフカメラ,1.00,,,https://auctions.yahooapis.jp/AuctionWebService/V2/auctionItem?auctionID=w337151202,2084261636
8,Nikon ニコン 最高峰 人気の高級一眼レフカメラ F3ボディ + ウエストレベルファインダー付 作動品 （腐食無し）,11055.00,,,https://auctions.yahooapis.jp/AuctionWebService/V2/auctionItem?auctionID=c759106387,2084044778
9,一眼レフ 距離計連動 CANON NIKON MINOLTA KONICA PENTAX デジカメ レンジファインダー レンズ ストロボ 部品 等 まとめてジャンク 大量b3,1.00,,,https://auctions.yahooapis.jp/AuctionWebService/V2/auctionItem?auctionID=u302816136,2084044787
10,Nikon ニコン AF-S DX NIKKOR 10-24mm f/3.5-4.5G ED ケンコーの最高級フィルター、Zataプロテクター付き（8000円相当）,47000.00,65000.00,,https://auctions.yahooapis.jp/AuctionWebService/V2/auctionItem?auctionID=d388314204,2084261684
11,Nikon ニコン D750 フルサイズ一眼レフボディ 2019年1月ニコンにて清掃点検済み,90000.00,120000.00,,https://auctions.yahooapis.jp/AuctionWebService/V2/auctionItem?auctionID=e380891975,2084261636
12,【ecoま】シグマ SIGMA 600mm F8 ミラーレンズ ニコンマウント NIKON用,1.00,,,https://auctions.yahooapis.jp/AuctionWebService/V2/auctionItem?auctionID=418441880,2084261693
13,一眼 カメラ 水中ハウジングセット【NIKON D80】すぐに水中撮影可能です！！超極上完動品シャッター回数少　レンズ４個付き,35000.00,78000.00,,https://auctions.yahooapis.jp/AuctionWebService/V2/auctionItem?auctionID=u302095287,25316
14,【1スタ 最落無し】ニコン L35 AF 、 AD2 、ペンタックス Super A 、オリンパス 35 DC 、mju Zoom カメラ レンズ 大量セット まとめ,1300.00,,,https://auctions.yahooapis.jp/AuctionWebService/V2/auctionItem?auctionID=f372903895,2084005100
15,小型ディフューザー　なんやかんや3点セット　クリップオンストロボ用　　Nikonスピードライトスタンド AS-22（2個） ルミクエスト,980.00,,,https://auctions.yahooapis.jp/AuctionWebService/V2/auctionItem?auctionID=n369687537,2084261979
16,Nikon ニコン F2 ボディ アイレベル ファインダー 一眼レフカメラ,16250.00,,,https://auctions.yahooapis.jp/AuctionWebService/V2/auctionItem?auctionID=q314523952,2084044778
17,☆NIKON　ニコマートFTN ＋ニッコール-S 58mm F1.4　綺麗なフード付　ジャンク扱いで！,1000.00,,,https://auctions.yahooapis.jp/AuctionWebService/V2/auctionItem?auctionID=c760069851,2084044778
18,Nikon ニコン Ai AF Micro-Nikkor 60mm f/2.8D,19000.00,33000.00,,https://auctions.yahooapis.jp/AuctionWebService/V2/auctionItem?auctionID=e381096118,2084261684
19,Nikon D5300 18-55 VR ⅡKit　送料無料,20000.00,,,https://auctions.yahooapis.jp/AuctionWebService/V2/auctionItem?auctionID=l548758261,2084261636
0,【Nikon】デジタルカメラ　COOLPIX 　S6100　ノーブルブラック　 S6100BK　1600万画素　光学７倍ズーム　中古,4000.00,,,https://auctions.yahooapis.jp/AuctionWebService/V2/auctionItem?auctionID=t671740855,2084261644
1,Nikon ニコン Nikomat 昔の一眼レフカメラ FT-N 黒ボディ 希少な作動品 （腐食無し）,520.00,,,https://auctions.yahooapis.jp/AuctionWebService/V2/auctionItem?auctionID=c758663564,2084044778
2,★新品★Tokina トキナ AT-X SD 70-200mm F4 PRO FX (IF) VCM-S Nikon★付属品多数！試写のみ！新品時の色艶をそのままキープ！,59800.00,62800.00,,https://auctions.yahooapis.jp/AuctionWebService/V2/auctionItem?auctionID=b410782447,2084261684
3,【1スタ 最落無し】ニコン F4 D70 ２台セット F801 など ボディ セット MD-12 モータードライブ 説明書など大量おまけ付き,1611.00,,,https://auctions.yahooapis.jp/AuctionWebService/V2/auctionItem?auctionID=d388109876,2084261692
4,■得々■Nikon＆HAKUBA/ニコン＆ハクバ/デジタル/一眼レフカメラ/レンズ(80～200mm)/アルミケース（カギ付き）/D90＆AS-S,12960.00,,,https://auctions.yahooapis.jp/AuctionWebService/V2/auctionItem?auctionID=j568170227,2084261636
5,★新品級★Nikon ニコン D5000 ボディ★点検清掃済み！付属品多数！清潔感溢れる黒々としたボディ！★,18000.00,18000.00,,https://auctions.yahooapis.jp/AuctionWebService/V2/auctionItem?auctionID=r324252932,2084261684
6,■■大量出品☆まとめて出品 MFカメラ10台セット CONTAX Nikon PENTAXなど 中古 現状優先 92Z110,5940.00,,,https://auctions.yahooapis.jp/AuctionWebService/V2/auctionItem?auctionID=k411297640,23660
7,ニコン アイレベル Nikon F EYELEVEL - シルバー ボディ マニュアルフォーカス / MF一眼レフ カメラ [7287576],3800.00,66800.00,,https://auctions.yahooapis.jp/AuctionWebService/V2/auctionItem?auctionID=h421854387,2084044778
8,中古★ニコン フィルムスキャナー COOLSCAN V ED,20000.00,,,https://auctions.yahooapis.jp/AuctionWebService/V2/auctionItem?auctionID=b415317709,2084039604
9,美品 Nikon ニコン AF DC-NIKKOR 135ｍｍ F2 レンズ フード 動作確認済,60000.00,,,https://auctions.yahooapis.jp/AuctionWebService/V2/auctionItem?auctionID=p702932572,2084261684
10,615☆ニコン ジャンク扱 NIKKOR 70-300 4-5.6 D/45mm 2.8P/F50 35-80/F90X 35-135/F100 28-105/70-210/F401 105mm 2.8/50mm 1.4D カメラ,21.00,,,https://auctions.yahooapis.jp/AuctionWebService/V2/auctionItem?auctionID=v664050429,2084261684
11,Nikon ニコン SP 前期型 布幕 レンジファインダー レンズ W-NIKKOR・C 35mm F2.5 NIPPON KOGAKU 日本工学,55000.00,,,https://auctions.yahooapis.jp/AuctionWebService/V2/auctionItem?auctionID=j590982941,2084204375
12,★新品未使用 Nikon D5600 ブラック ボディ 付属品完備★,45980.00,45980.00,,https://auctions.yahooapis.jp/AuctionWebService/V2/auctionItem?auctionID=m358080223,2084261636
13,超美品 保証書付き タムロン SP 70-300mm F/4-5.6 Di V ニコン用　検索：Tamron Nikon ズーム,14523.00,22000.00,,https://auctions.yahooapis.jp/AuctionWebService/V2/auctionItem?auctionID=j590287953,2084261684
14,Nikon ニコン 純正NIKKOR 35-105mm MF ズームレンズ (MACRO) 作動品 (Ai),540.00,,,https://auctions.yahooapis.jp/AuctionWebService/V2/auctionItem?auctionID=c758739597,2084261693
15,極上美品★ SIGMA シグマ 18-35mm F1.8 DC HSM Art ニコンマウント 元箱付属一式★ 専用ポーチ付,40602.00,58800.00,,https://auctions.yahooapis.jp/AuctionWebService/V2/auctionItem?auctionID=e256225816,2084261684
16,●中古格安●ニコン Nikon 　PC-NIKKOR 1:2.8 f=35mm ★日本製★ ☆美品☆,2000.00,,,https://auctions.yahooapis.jp/AuctionWebService/V2/auctionItem?auctionID=d388799487,2084261693
17,Nikon ニコン 純正NIKKOR-N 24mm MF 高級単焦点ワイドレンズ 1:2.8 希少・作動品,2200.00,,,https://auctions.yahooapis.jp/AuctionWebService/V2/auctionItem?auctionID=c758739593,2084261693
18,＊NIKON ニコン NIKKOR 50mm 1:1.4 中古良品！＊,2200.00,,,https://auctions.yahooapis.jp/AuctionWebService/V2/auctionItem?auctionID=u302095290,2084261693
19,ニコン Nikon f100 フィルム カメラ テスト済みです,12000.00,,,https://auctions.yahooapis.jp/AuctionWebService/V2/auctionItem?auctionID=x646053795,2084044785
0,■完全新品■ニコン Nikon D5600 BODY ボディー,10600.00,54800.00,,https://auctions.yahooapis.jp/AuctionWebService/V2/auctionItem?auctionID=m358325673,2084261636
1,＊NIKON ニコン 単焦点 NIKKOR 24mm 1:2.8 中古美品！＊,3900.00,,,https://auctions.yahooapis.jp/AuctionWebService/V2/auctionItem?auctionID=b415751735,2084261693
2,Nikon ニコン Ai AF Nikkor 85mm f/1.4D IF フード付き,60000.00,85000.00,,https://auctions.yahooapis.jp/AuctionWebService/V2/auctionItem?auctionID=e380649731,2084261684
3,☆極上美品☆初心者入門セット☆ Nikon ニコン D70 豪華 純正Ｗレンズセット 　AF28-80ｍｍ/AF70-300mm 　綺麗なレンズです☆,7750.00,21800.00,,https://auctions.yahooapis.jp/AuctionWebService/V2/auctionItem?auctionID=v663940765,2084261636
4,Nikon ニコン 専用 28-80mm AF ズームレンズ(MACRO) 綺麗・完動品,2600.00,12000.00,,https://auctions.yahooapis.jp/AuctionWebService/V2/auctionItem?auctionID=g372724350,2084261684
5,ニコン Nikon NIKKOR 50mm F1.4 Ai-s 単焦点レンズ 美品,2700.00,,,https://auctions.yahooapis.jp/AuctionWebService/V2/auctionItem?auctionID=v660078691,2084261693
6,■極上！ハイズーム光学35倍 4K動画 2029万画素 Wi-Fi/NFC♪Nikon COOLPIX A900,18350.00,,,https://auctions.yahooapis.jp/AuctionWebService/V2/auctionItem?auctionID=k410471154,2084261644
7,ニコン Nikon NIKKOR 50mm F1.4 Ai 単焦点レンズ 実用品,1300.00,,,https://auctions.yahooapis.jp/AuctionWebService/V2/auctionItem?auctionID=h421954092,2084261693
8,ニコン Nikon NIKKOR 50mm F1.4 Ai 単焦点レンズ 美品,1700.00,,,https://auctions.yahooapis.jp/AuctionWebService/V2/auctionItem?auctionID=u301848839,2084261693
9,なんと約9割引も！検索 トプコン ソキア TOPCON トータルステーション グッピー GPT-9005AC 103AC Is-305 ps-105 自動追尾 ニコン 校正済,40000.00,60000.00,,https://auctions.yahooapis.jp/AuctionWebService/V2/auctionItem?auctionID=b415401346,2084211051
10,Nikon d3100 本体のみ おまけ付き,9000.00,,,https://auctions.yahooapis.jp/AuctionWebService/V2/auctionItem?auctionID=418056253,2084261636
11,最落無！　1円スタート　COOLPIX B700 傷多い、完動品　純正電池、ストラップ、レンズキャップ、互換充電器、発送60サイズ,7430.00,,,https://auctions.yahooapis.jp/AuctionWebService/V2/auctionItem?auctionID=k410703295,2084261644
12,Nikon ニコン昔の高級一眼レフカメラFEボディ ＋ 純正43-86mmズームレンズ付,1300.00,,,https://auctions.yahooapis.jp/AuctionWebService/V2/auctionItem?auctionID=j591120413,2084044778
13,ニコンカメラレンズ回り品、11点、ジャンク扱い,1000.00,,,https://auctions.yahooapis.jp/AuctionWebService/V2/auctionItem?auctionID=o342868917,2084261693
14,■⑭ニコン　MD-3　MB-1　ジャンク,1100.00,,,https://auctions.yahooapis.jp/AuctionWebService/V2/auctionItem?auctionID=w337356357,2084044778
15,★骨★未使用展示品★Nikon AF-S VR Zoom-Nikkor 70-300mm f/4.5-5.6G IF-ED★ニコン ニッコールズームレンズ★完全美品★,10500.00,,,https://auctions.yahooapis.jp/AuctionWebService/V2/auctionItem?auctionID=c759058381,2084261684
16,名機　Nikon ニコン F3 フィルム一眼レフカメラ,8000.00,,,https://auctions.yahooapis.jp/AuctionWebService/V2/auctionItem?auctionID=418388908,2084044778
17,【C-5】ニコン Nikon ニコマート Nikomat 1:1.4 f=55mm フィルムカメラ 【ジャンク 中古 現状品】,1000.00,,,https://auctions.yahooapis.jp/AuctionWebService/V2/auctionItem?auctionID=f373290066,2084044778
18,☆レーザーレベル☆回転レベル☆ニコンAL-3☆精度調整済,20000.00,25000.00,,https://auctions.yahooapis.jp/AuctionWebService/V2/auctionItem?auctionID=e382419148,2084211051
19,★未使用品★Nikon ドットサイト DF-M1 即決,10850.00,15000.00,,https://auctions.yahooapis.jp/AuctionWebService/V2/auctionItem?auctionID=h421696615,23760
0,【ジャンク】 Nikon ED AF-S NIKKOR 28-70mm F2.8D,1211.00,,,https://auctions.yahooapis.jp/AuctionWebService/V2/auctionItem?auctionID=n370175252,2084261684
1,【美品】Nikon d5 XQDタイプ 【シャッター数9554】,300000.00,420000.00,,https://auctions.yahooapis.jp/AuctionWebService/V2/auctionItem?auctionID=o343127619,2084261636
2,★新品　ニコンNikon D850　まだ間に合うキャッシュバックバーコードあり,265000.00,295000.00,,https://auctions.yahooapis.jp/AuctionWebService/V2/auctionItem?auctionID=c759634752,2084261636
3,■Nikon　ニコン COOLPIX A900 ブラック デジタルカメラ デジカメ :C,10700.00,,,https://auctions.yahooapis.jp/AuctionWebService/V2/auctionItem?auctionID=h422452521,2084261644
4,621☆ニコン ジャンクセット F3 50mm 1.4/FE 50mm 1:2/28mm 2.8/35-105mm/Nikomat/tamron 38-100/Tokina 500mm 1:8/MD-4 カメラ レンズ 1円,14499.00,,,https://auctions.yahooapis.jp/AuctionWebService/V2/auctionItem?auctionID=d388856991,2084044778
5,送料無料！D３ ボディ 　名機！良品　格安フルサイズ,34800.00,44800.00,,https://auctions.yahooapis.jp/AuctionWebService/V2/auctionItem?auctionID=m359553046,2084261636
6,【加】997e 現状 Nikon ニコン F3 HP カメラ NIKKOR 28㎜ F2.8 レンズ kenko MC SKYLIGHT 52㎜ フィルター Nikon HN-2 フード ストラップ,17064.00,,,https://auctions.yahooapis.jp/AuctionWebService/V2/auctionItem?auctionID=k410905295,2084044778
7,即決！EOS5D MarkⅡ ボディ　良品　実用機に,35600.00,39800.00,,https://auctions.yahooapis.jp/AuctionWebService/V2/auctionItem?auctionID=n369972405,2084261636
8,■Nikon　ニコン COOLPIX A900 シルバー デジタルカメラ デジカメ :C,11200.00,,,https://auctions.yahooapis.jp/AuctionWebService/V2/auctionItem?auctionID=s686626153,2084261644
9,【美 品】Ai-s NIKKOR 35mm 1:2 #326718,7750.00,,,https://auctions.yahooapis.jp/AuctionWebService/V2/auctionItem?auctionID=v659742791,2084261693
10,【シャッターOK】 Nikon ニコン F2 AS ブラック レンズ NIKKOR 1.4/50mm 3.5/43-86mm セット フォトミック,14555.00,,,https://auctions.yahooapis.jp/AuctionWebService/V2/auctionItem?auctionID=m357745485,2084044778
11,純正品未使用！訳あり！Nikon 防水アクションカメラ KeyMission 360 BK,16880.00,,,https://auctions.yahooapis.jp/AuctionWebService/V2/auctionItem?auctionID=g365693824,2084062234
12,即決！AF-S NIKKOR50mm/f1.8G Special Edition　良品,14000.00,16500.00,,https://auctions.yahooapis.jp/AuctionWebService/V2/auctionItem?auctionID=u303075129,2084261684
13,雑誌 カメラマン 2012年-2017年 43冊セット 一眼レフ ミラーレス ニコン キャノン ソニー 深田恭子 綾瀬はるか 有村架純 二階堂ふみ【40,1080.00,,,https://auctions.yahooapis.jp/AuctionWebService/V2/auctionItem?auctionID=l549011571,2084008883
14,ニコン Nikon 1 J5 ボディ シルバー 【おまけレンズ VR 10-100F4-5.6 シルバー】,7050.00,,,https://auctions.yahooapis.jp/AuctionWebService/V2/auctionItem?auctionID=e380954087,2084305445
15,超美品 使用回数3回 Nikon 単焦点85mmF1.8,30000.00,,,https://auctions.yahooapis.jp/AuctionWebService/V2/auctionItem?auctionID=o342553070,2084261684
16,619☆ニコン ジャンク扱 FM 50mm 1.8/Nikomat FT2 1.4 50mm/FT/FE 2.8 55mm/FG カメラ レンズ 1円～,1709.00,,,https://auctions.yahooapis.jp/AuctionWebService/V2/auctionItem?auctionID=d388662052,2084044778
17,即決！Ｄ２x　ボディ　実用機に,17800.00,23000.00,,https://auctions.yahooapis.jp/AuctionWebService/V2/auctionItem?auctionID=q314994071,2084261636
18,【新品】【即納】【国内発送】Nikon ニコン NPS プロストラップ Nikon Professional Services カメラ プロフェッショナル ストラップ,14500.00,14500.00,,https://auctions.yahooapis.jp/AuctionWebService/V2/auctionItem?auctionID=h421571846,23760
19,■Nikon ニコン COOLPIX P330 デジタルカメラ デジカメ :C,4058.00,,,https://auctions.yahooapis.jp/AuctionWebService/V2/auctionItem?auctionID=v663913633,2084261644
0,◆超極上美品◆ニコン Nikon D7000　ダブルレンズセット◆付属品多数！ガイド本付き！とても綺麗です。264,6250.00,52400.00,,https://auctions.yahooapis.jp/AuctionWebService/V2/auctionItem?auctionID=m358378187,2084261636
1,Nikon D70 ニコン　中古美品,2300.00,,,https://auctions.yahooapis.jp/AuctionWebService/V2/auctionItem?auctionID=418269257,2084261636
2,送料無料！Ｄ８００ ボディ　実用機に！格安フルサイズ,49800.00,68000.00,,https://auctions.yahooapis.jp/AuctionWebService/V2/auctionItem?auctionID=v659863138,2084261636
3,■美品！使用僅か 3943shot 18-55mm レンズキット♪Nikon D3100,5350.00,,,https://auctions.yahooapis.jp/AuctionWebService/V2/auctionItem?auctionID=p713106842,2084261636
4,★Nikon D5200 18-135ズーム・メモリ・取説他一式 ＜完動美品,6500.00,,,https://auctions.yahooapis.jp/AuctionWebService/V2/auctionItem?auctionID=w337414221,2084261636
5,Nikon　トータルステーションセット NST-10CHG　調整済,67000.00,,,https://auctions.yahooapis.jp/AuctionWebService/V2/auctionItem?auctionID=417645700,2084211050
6,■美品！超望遠高画質 光学83倍 2000mm相当 Wi-Fi＆NFC♪Nikon COOLPIX P900,31500.00,,,https://auctions.yahooapis.jp/AuctionWebService/V2/auctionItem?auctionID=g373157785,2084261644
7,中古 ニコン AF-S DX NIKKOR 35mm 1:1.8G,7800.00,,,https://auctions.yahooapis.jp/AuctionWebService/V2/auctionItem?auctionID=v664178161,2084261684
8,Nikon 一眼レフカメラ、広角レンズ付き、シャッター作動、ジャンク扱い,1000.00,,,https://auctions.yahooapis.jp/AuctionWebService/V2/auctionItem?auctionID=d388891448,2084044778
9,Nikon MFカメラレンズ3本、ジャンク扱い,1000.00,,,https://auctions.yahooapis.jp/AuctionWebService/V2/auctionItem?auctionID=t673890162,2084261693
10,Nikon COOLPIX P600　使用頻度少な目　中古品,15501.00,,,https://auctions.yahooapis.jp/AuctionWebService/V2/auctionItem?auctionID=j591715633,2084261644
11,ニコン・キャノン・ナショナル製 高級ストロボ3台まとめて,200.00,,,https://auctions.yahooapis.jp/AuctionWebService/V2/auctionItem?auctionID=k410537407,2084261969
12,TAMRON 単焦点マクロレンズ SP AF90mm F2.8 Di MACRO 1:1 ニコン用のレンズ１本 使用頻度少な目　中古品,5500.00,,,https://auctions.yahooapis.jp/AuctionWebService/V2/auctionItem?auctionID=w337891069,2084261684
13,希少NIKON　12.5ｍｍ接眼レンズ　ワイドフィールド　顕微鏡→31.7天体リメイク　☆StarWorks推奨,17500.00,,,https://auctions.yahooapis.jp/AuctionWebService/V2/auctionItem?auctionID=c772342234,2084055381
14,624☆ニコン ジャンクセット Nikomat FT 50mm 1.4/FM 55mm 1.2/F 50mm 1.4/F3/MD-12/35-105/3.5 135mm/NIKKOR 35mm 1:2,4500.00,,,https://auctions.yahooapis.jp/AuctionWebService/V2/auctionItem?auctionID=m359085408,2084044778
15,純正品未使用！訳あり！Nikon 防水アクションカメラ KeyMission 360 BK ブラック②,16880.00,,,https://auctions.yahooapis.jp/AuctionWebService/V2/auctionItem?auctionID=e382137704,2084261644
16,Nikon ニコン高級一眼レフカメラ F ボディ + アイレベルファインダー付 （前期型）希少な作動品,550.00,20000.00,,https://auctions.yahooapis.jp/AuctionWebService/V2/auctionItem?auctionID=j591332053,2084044778
17,Nikon ニコン 純正 NIKKOR 50mm 薄型 単焦点レンズ 1:1.8 希少・綺麗な作動品,4200.00,,,https://auctions.yahooapis.jp/AuctionWebService/V2/auctionItem?auctionID=q314561707,2084261693
18,★ SIGMA ELECTRONIC FLASH MACRO エレクトロニックフラッシュマクロ EM-140 DG NA-iTTL シグマ ジャンク【20,1080.00,,,https://auctions.yahooapis.jp/AuctionWebService/V2/auctionItem?auctionID=420147491,2084261969
19,中古 ニコン D7000 DX 18－105セット,19800.00,,,https://auctions.yahooapis.jp/AuctionWebService/V2/auctionItem?auctionID=g372564143,2084261636
0,【NIKON ニコン D600 バッテリーグリップ付き 付属品多数 美品 15061ショット 】,29030.00,,,https://auctions.yahooapis.jp/AuctionWebService/V2/auctionItem?auctionID=l548296777,2084261636
1,Nikon ニコン　S-Po 顕微鏡 マイクロスコープ MICROSCOPE 箱付き,11050.00,,,https://auctions.yahooapis.jp/AuctionWebService/V2/auctionItem?auctionID=o343042235,2084045044
2,NIKON初のエンジニアリングプラスチックモデル　Chromatic aberration Free system接眼レンズ　☆StarWorks推奨,40000.00,,,https://auctions.yahooapis.jp/AuctionWebService/V2/auctionItem?auctionID=k410870800,2084055381
3,Nikon ニコン 人気の高級一眼レフカメラ FA 黒ボディ 希少な作動品　（腐食無し）,7805.00,,,https://auctions.yahooapis.jp/AuctionWebService/V2/auctionItem?auctionID=l548164309,2084044778
4,Nikon ニコン純正NIKKOR 35-105mm AF ズームレンズ (MACRO) 綺麗な完動品,1200.00,,,https://auctions.yahooapis.jp/AuctionWebService/V2/auctionItem?auctionID=o342938735,2084261684
5,★ Nikon SPEEDLIGHT スピードライト SB-900 ニコン ジャンク【20,1080.00,,,https://auctions.yahooapis.jp/AuctionWebService/V2/auctionItem?auctionID=d388569205,2084261969
6,Nikon F2 Photomic フォトミック ブラック,8500.00,,,https://auctions.yahooapis.jp/AuctionWebService/V2/auctionItem?auctionID=p712977331,2084044778
7,ニコンAF NIKKOR 35mm-105mm F3.5-4.5,5000.00,,,https://auctions.yahooapis.jp/AuctionWebService/V2/auctionItem?auctionID=l549229611,2084261684
8,単焦点マクロレンズ SP AF180mm F3.5 Di MACRO 1:1 TAMRONタムロン ニコン用,18000.00,,,https://auctions.yahooapis.jp/AuctionWebService/V2/auctionItem?auctionID=s685421832,2084261684
9,Nikon F3 HP ハイアイポイント ブラック,8750.00,,,https://auctions.yahooapis.jp/AuctionWebService/V2/auctionItem?auctionID=g373601406,2084044778
10,キャノンF-1 ニコンF 専用 MR-9電池　アダプター　　希少品,200.00,,,https://auctions.yahooapis.jp/AuctionWebService/V2/auctionItem?auctionID=419638763,2084044777
11,Nikon ニコンF　 ニッコールレンズ105mm 1:2.5 付き　ジャンク品,4155.00,,,https://auctions.yahooapis.jp/AuctionWebService/V2/auctionItem?auctionID=t673318105,2084044778
12,ニコンAF NIKKOR 85mm F1.8,8250.00,,,https://auctions.yahooapis.jp/AuctionWebService/V2/auctionItem?auctionID=419081917,2084261684
13,ニコン AF Nikkor 180mm f2.8ED,8000.00,,,https://auctions.yahooapis.jp/AuctionWebService/V2/auctionItem?auctionID=w337446476,2084261684
14,ニコンマクロ Micro-NIKKOR 105mm F2.8,5000.00,,,https://auctions.yahooapis.jp/AuctionWebService/V2/auctionItem?auctionID=c759982551,2084261693
15,★新品級★使用頻少★シグマ SIGMA 150-600mm F5-6.3 DG OS HSM Contemporary ニコン用 KENKOレンズフィルター95mm、元箱付★防湿庫保管,78000.00,,,https://auctions.yahooapis.jp/AuctionWebService/V2/auctionItem?auctionID=p713529772,2084261684
16,Nikon ニコン 純正 高級一眼レフカメラF3専用 モータードライブMD-4 希少・作動品,500.00,12000.00,,https://auctions.yahooapis.jp/AuctionWebService/V2/auctionItem?auctionID=e382231688,2084044778
17,Nikon ニコン 最高峰 人気のAF高級一眼レフカメラ F4 ボディ 希少・作動品 （腐食無し）,3600.00,,,https://auctions.yahooapis.jp/AuctionWebService/V2/auctionItem?auctionID=c759258924,2084044785
18,Nikon ニコン 純正 NIKKOR 50mm MF 高級単焦点レンズ 1:1.4 作動品,520.00,,,https://auctions.yahooapis.jp/AuctionWebService/V2/auctionItem?auctionID=c759700739,2084261693
19,Nikon ニコン純正 Zoom-NIKKOR 35-70mm MF 高級ズームレンズ 1:3.5 希少な作動品 (Ai),510.00,,,https://auctions.yahooapis.jp/AuctionWebService/V2/auctionItem?auctionID=d388610547,2084261693
0,★ハローカメラ★ 5147 珍品 日本光学 ズーム ファインダー 35-135 NIPPON KOGAKU 革ケース付 難有り 動作品 即決あり,16200.00,27000.00,,https://auctions.yahooapis.jp/AuctionWebService/V2/auctionItem?auctionID=418035632,2084204375
1,"★送料無料★即決 メーカー保証付★ニコン 標準ズームレンズ NIKON AF-S NIKKOR 24-85mm F3.5-4.5G ED VR★標準小売価格で83,700円です★",26800.00,26800.00,,https://auctions.yahooapis.jp/AuctionWebService/V2/auctionItem?auctionID=c759418904,2084261684
2,★送料無料★即決 極上の展示美品 メーカー保証約1年付★ニコン フルサイズ一眼レフカメラ Nikon D610 ボディ 2426万画素★おまけ多数付★,69800.00,69800.00,,https://auctions.yahooapis.jp/AuctionWebService/V2/auctionItem?auctionID=u301904055,2084261636
3,"★送料無料★即決 新品未使用品★GoPro AHD3D-301 2台のHERO3+ ブラックエディションをセットできる★標準小売価格で24,000円税抜です★",9800.00,9800.00,,https://auctions.yahooapis.jp/AuctionWebService/V2/auctionItem?auctionID=n370073672,2084261684
4,Ｎｉｋｏｎ　Ｅｙｅｐｉｅｃｅ　Ａｔｔａｃｈｍｅｎｔ　日本製　＋２．０,1.00,,,https://auctions.yahooapis.jp/AuctionWebService/V2/auctionItem?auctionID=f373526978,23760
5,Nikon ニコン昔の一眼レフカメラFT-Nボディ ＋ 純正43-86mmズームレンズ付,200.00,,,https://auctions.yahooapis.jp/AuctionWebService/V2/auctionItem?auctionID=418988165,2084044778
6,Nikon ニコン 純正 AF NIKKOR 50mm オートフォーカス高級単焦点レンズ 1:1.4 希少品,61.00,,,https://auctions.yahooapis.jp/AuctionWebService/V2/auctionItem?auctionID=419957663,2084261684
7,Nikon ニコン 純正 NIKKOR 85mm 高級単焦点レンズ 1:2 (Ai) 希少・良好品,6359.00,30000.00,,https://auctions.yahooapis.jp/AuctionWebService/V2/auctionItem?auctionID=r348548109,2084261693
8,Nikon ニコン 専用 28-300mm オートフォーカス 高級ズームレンズ (MACRO) 綺麗・希少な作動品,520.00,,,https://auctions.yahooapis.jp/AuctionWebService/V2/auctionItem?auctionID=r349232696,2084261684
9,Nikon ニコン 純正 NIKKOR-S 50mm 高級単焦点レンズ 1:1.4 作動品,500.00,,,https://auctions.yahooapis.jp/AuctionWebService/V2/auctionItem?auctionID=p713702950,2084261693
10,NIKONのひと世代前の高級顕微鏡接眼17ｍｍ　31.7サイズリメイク　☆StarWorks,1.00,,,https://auctions.yahooapis.jp/AuctionWebService/V2/auctionItem?auctionID=d388995087,2084055381
11,Nikon ニコン 高級一眼レフカメラ F2ボディ +フォトミックファインダーDP-1付 良好品 （腐食無し）,1100.00,25000.00,,https://auctions.yahooapis.jp/AuctionWebService/V2/auctionItem?auctionID=r349067435,2084044778
12,Nikon ニコン 人気の高級一眼レフカメラ FA 黒ボディ 希少な作動品　（腐食無し）,570.00,,,https://auctions.yahooapis.jp/AuctionWebService/V2/auctionItem?auctionID=r349067419,2084044778
13,980円即決！新品完全互換！NIKON/ニコン』EN-EL3e 互換 バッテリー （EL3ec),980.00,980.00,,https://auctions.yahooapis.jp/AuctionWebService/V2/auctionItem?auctionID=h422552888,2084261672
14,ニコン　トリンブル　トータルステーションセット　調査済み,65000.00,,,https://auctions.yahooapis.jp/AuctionWebService/V2/auctionItem?auctionID=k368459687,2084211050
15,Nikon ニコン レンズフード HB-18,1150.00,1150.00,,https://auctions.yahooapis.jp/AuctionWebService/V2/auctionItem?auctionID=329646097,2084261684
16,■おすすめ■→SUMAX ハード デジタルカメラケース 「CANON PowerShot G9 X Mark II SX720 HS / NIKON COOLPIX S9900 /パナソニックL…,1640.00,1640.00,,https://auctions.yahooapis.jp/AuctionWebService/V2/auctionItem?auctionID=k410296000,2084261931
17,『新品即決』Nikon ストリップフィルムホルダー (フィルムデジタイズアダプターES-2付属品) FH-4,5240.00,5240.00,,https://auctions.yahooapis.jp/AuctionWebService/V2/auctionItem?auctionID=h420998360,23664
18,Nikon ニコン NIKKOR-Q　Auto 1:3.5 135mm,1500.00,1500.00,,https://auctions.yahooapis.jp/AuctionWebService/V2/auctionItem?auctionID=x557009479,2084261693
19,Nikon メガネクロス（非売品）No.2,250.00,250.00,,https://auctions.yahooapis.jp/AuctionWebService/V2/auctionItem?auctionID=j584123576,2084042537
